decision_key	category	title	statement	confidence	rationale	evidence_path	effective_at
general_repeat_caller_contract_v0_1_0	algorithm_design	General repeat caller contract v0.1.0 frozen	General repeat measurement will re-estimate raw-read repeat boundaries with an error-aware cyclic repeat model, treat catalog motifs as priors, preserve censored semantics, and explicitly support compound/interruption/LPS outputs.	HIGH	This separates locus assignment from repeat measurement and provides a stable contract for implementation and benchmarking.	/mnt/intelssd/rnatr_project/docs/design/RNA_TR_Scout_general_repeat_caller_contract_v0.1.0.md	2026-08-07T03:30:00+00:00
general_repeat_caller_reference_v0_2_0	algorithm_design	General repeat caller reference v0.2.0 implemented	Reference v0.2.0 adds conservative compound-repeat and interruption segmentation plus distinct exact-sequence and error-aware inferred LPS while preserving v0.1.0 simple-periodic regression behavior by default.	MEDIUM	A compound interpretation replaces the single-motif reference only when explicit strong multi-segment evidence is present; otherwise the v0.1.0-style result remains the oracle.	/mnt/intelssd/rnatr_project/qc/12_general_repeat_caller_compound_lps/v0.2.0/general_repeat_caller_stage12b.qc.tsv	2026-08-07T03:50:00+00:00
general_repeat_caller_reference_v0_3_0	algorithm_design	General repeat caller reference v0.3.0 implemented	Reference v0.3.0 anchors motif selection to the projected locus core before soft tract extension, separates explicit censoring from projection-window context limits, and uses conditional anchored de-novo rescue through period 50.	MEDIUM	The 60-row real software-regression audit showed tract-boundary extension as the dominant discrepancy driver (21/60), motif-selection/de-novo differences in 11/60, and window-edge/context effects in 5/60. The contract change addresses those engineering failure modes without treating the frozen caller as biological truth.	/mnt/intelssd/rnatr_project/qc/12_general_repeat_caller_boundary_censor_denovo/v0.3.0/general_repeat_caller_stage12d.qc.tsv	2026-08-07T05:00:00+00:00
general_repeat_caller_reference_v0_4_0_frozen	algorithm_design	General repeat caller v0.4.0 frozen	Freeze rnatr_general_repeat_caller_ref_v0.4.0 as the measurement reference implementation. Preserve locus-anchored geometric expansion for recovery of repeats longer than the projected prior; do not force agreement to the legacy P0/P1 caller.	HIGH	Backward regressions passed. The 122-case benchmark completed 100%, disease-inspired exact-boundary motif accuracy was 100%, short-prior expansion recovery median was ~100.3% with P10 100%, censoring invariants passed, and de-novo/compound/interruption classification metrics were 100%. Paired real-read comparison showed 50/60 v0.3/v0.4 calls within 5 bp and zero motif changes; projection-window edge extensions are represented as context-limited lower bounds.	/mnt/intelssd/rnatr_project/metadata/general_caller/general_repeat_caller_freeze_v0.4.0.tsv	2026-08-07T07:15:00+00:00
general_repeat_caller_v0_4_1_frozen_reference	algorithm_design	Deterministic general caller v0.4.1 frozen	Promote deterministic Python general caller v0.4.1 as the frozen measurement reference; validated native implementation must remain exactly equivalent for production integration.	HIGH	v0.4.0 hash-order nondeterminism was isolated to pre-existing exact-tie orientation behavior. v0.4.1 fixes only this tie rule, passes all truth/regression suites, and Python/native outputs are identical for all 388,571 rows of the 100k engineering dataset.	/mnt/intelssd/rnatr_project/metadata/general_caller/general_repeat_caller_v0.4.1.validation_manifest.tsv	2026-08-07T12:45:00+00:00
portable_core_result_manifest_v0_1_0	architecture	Portable Core result manifest is the biology-facing interface	Downstream layers resolve stable read_id, target_source, target_region_id, locus_id and evidence/event/call identifiers through core_result_manifest.json; machine-local paths remain in a separate local binding file.	HIGH	Stage15J/L PRE_BIOLOGY smoke passes without Stage/dataset/developer-path dependence in the portable interface.	/mnt/intelssd/rnatr_project/qc/15_stage15n_generic_active_path_promotion/v0.1.0/stage15n_generic_active_path_promotion.qc.tsv	2026-08-11T15:30:00+00:00
stage15r_candidate_multiplicity_closure_v0_1_0	architecture	Close technical candidate-multiplicity inspection	Stage15R technical reverse traceability passed with biology weighting deferred post-Freeze.	HIGH	57 representative reads and 733/733 assignment-to-evidence chains had zero unresolved trace failures.	/mnt/intelssd/rnatr_project/docs/contracts/RNA_TR_Scout_Candidate_assignment_reverse_traceability_contract_v0.1.1.md	2026-08-12T09:45:00+00:00
stage15s_extensibility_hygiene_closure_v0_1_0	architecture	Accept future-extensibility and final-hygiene audit	Seven extension boundaries contain no pre-Freeze hard coupling and final hygiene passes with cleanup/Git/public-release scope retained.	HIGH	Exact active code, schemas, manifests, contracts and both SSOT SQLite originals were audited.	/mnt/intelssd/rnatr_project/docs/governance/RNA_TR_Scout_Core_Freeze_final_hygiene_audit_v0.1.0.md	2026-08-12T09:45:00+00:00
architecture_consistency_audit_cadence_v0_1_0	architecture_governance	Require cross-domain Architecture consistency audits at major checkpoints	Run formal audits after 250k scaling, before biology-layer implementation, and before release candidate. Audit SSOT, active paths, schema/contracts, performance gates, restart/validation scope, biology roadmap, and script lifecycle for contradictions, obsolete remnants, implementation-state inflation, frozen-contract drift, and planned-item omissions.	HIGH	The development graph is complex enough that local stage PASS does not guarantee global architectural consistency.	/mnt/intelssd/rnatr_project/docs/stage15a/RNA_TR_Scout_Architecture_consistency_audit_contract_v0.1.0.md	2026-08-09T00:00:00+00:00
authoritative_originals_required_for_prerc_and_freeze_v0_1_0	architecture_governance	Require exact originals for PRE-RC and Core Freeze reconstruction	PRE_RELEASE_CANDIDATE and Core Freeze conclusions must be based on reread original code, SSOT, schema, contracts, validators, runners, manifests, and formal evidence. Conversation summaries and memory are not authoritative.	HIGH	Missing, ambiguous, or size-capped originals must remain unresolved until supplied and reread.	/mnt/intelssd/rnatr_project/docs/governance/RNA_TR_Scout_Core_Freeze_governance_requirements_v0.1.0.md	2026-08-10T12:30:00+00:00
prerc_architecture_audit_remediation_v0_1_0	architecture_governance	Accept PRE-RC architecture current-state remediation without scientific or active-path mutation	Accept the Stage15G PRE_RELEASE_CANDIDATE remediation after exact-original audit: stale current SSOT records are superseded, lifecycle rows are classified with the frozen vocabulary, G24 advances to PRE_BIOLOGY remaining open, and PRE_RELEASE_CANDIDATE audit closes. The active pipeline, schema v0.4.2, Stage15C clean benchmark, and scientific packages remain unchanged.	HIGH	The blocking conflicts were current-state metadata and lifecycle inconsistencies, not scientific-output failures.	/mnt/intelssd/rnatr_project/docs/stage15g/RNA_TR_Scout_PRE_RELEASE_CANDIDATE_Architecture_audit_v0.1.1.md	2026-08-11T00:30:00+00:00
stage15_active_path_promotion_state_v0_1_0	architecture_governance	Promote the generic sharded Core to the active production path	The active Core is the generic mapped-BAM plus read-coherent-source-FASTQ production entry v0.1.0, using sharded orchestrator v0.1.2, generic unit v0.1.1, evidence schema v0.4.2, portable result manifest v0.1.0, SHA-bound restart and post-publication final-state recovery. The legacy 11-row P0/P1 path is retained as history but is no longer current.	HIGH	Stage15J/L/M establish generic unit, full-input sharding, exact 100k parity, restart/no-op, PRE_BIOLOGY interface, and publication-boundary recovery while Stage15C/15E retain full-scale evidence.	/mnt/intelssd/rnatr_project/qc/15_stage15n_generic_active_path_promotion/v0.1.0/stage15n_generic_active_path_promotion.qc.tsv	2026-08-11T15:30:00+00:00
project_docs_and_downloads_canonicalization_v0_1_0	artifact_governance	Canonicalize project docs before Downloads cleanup	Promote project-wide authoritative documents to a durable one-source layout, preserve stage-local history or pointers, and only then classify, move, or delete accumulated Downloads artifacts by checksum-backed inventory.	HIGH	This prevents deletion of active evidence and avoids competing authoritative copies.	/mnt/intelssd/rnatr_project/docs/governance/RNA_TR_Scout_Core_Freeze_governance_requirements_v0.1.0.md	2026-08-10T12:30:00+00:00
biology_ready_core_sidecar_separation_v0_1_0	biology_output_architecture	Keep schema v0.4.2 core repeat tables stable and add read-keyed biology sidecars	The v0.4.2 core 5-table package remains the repeat-measurement source of truth. Transcript/isoform, haplotype, observability, and duplicate/molecule-independence states will be added as versioned read/evidence-keyed sidecars rather than by inflating or rewriting the core tables.	HIGH	The core already preserves repeat length, purity, LPS, segments, interruptions, alignment discordance, geometry, and censoring. The missing biology dimensions have different provenance, update cadence, missingness, and validation requirements and therefore belong in independently versioned sidecars.	/mnt/intelssd/rnatr_project/docs/stage15a/RNA_TR_Scout_Biology_ready_interpretation_output_contract_v0.1.0.md	2026-08-08T13:40:00+00:00
caller_complex_strategy_gaps_deferred_from_release_engineering_v0_1_0	caller_scope	Keep complex caller coverage gaps separate from release engineering	VC, IUPAC-degenerate, complex disease-region, >100-bp repeat-unit, no-motif and unsupported-symbol strategies are not all automatically measured by the current production caller. Preserve these as explicit v0.5.0 scope limitations and future caller/biology work; do not change frozen caller semantics during current release engineering.	HIGH	The motif-job builder emits specialized strategies while the production caller adapter automatically executes only SIMPLE_PERIODIC_SCAN, MULTI_MOTIF_PERIODIC_SCAN and LONG_UNIT_21_TO_100_PERIODIC_SCAN.	/mnt/intelssd/rnatr_git_stage/LOCAL_CORE_FREEZE_V0.1.0_git_snapshot_v0.1.2/scripts/rnatr_stage15a_native_v041_runid_adapter_v0.2.1.py	2026-08-17T01:39:02+00:00
rna_comparison_panel_role	controls	Six fetal-brain datasets are a technical comparison panel	The six fetal-brain PromethION datasets are used for RNA technical-bias characterization, not claimed as biological normal controls.	HIGH	They match tissue, developmental period, laboratory, award, and platform, but library-method metadata are incomplete.	/mnt/intelssd/rnatr_project/qc/11_ont_cdna_calibration_panel_resolution/ENCSR307SHM_pilot100k_mm2splice_v1	2026-08-06T00:00:00+00:00
core_freeze_v0_1_0_acceptance_v0_1_0	core_freeze	Accept local checksummed Core Freeze v0.1.0	The validated generic Core is accepted as LOCAL_CORE_FREEZE_V0.1.0_ACCEPTED_WITH_SCOPE, permitting biology-sidecar work while public release gates remain open.	HIGH	Stage15Q golden plus Stage15R/15S exact-original closure and owner approval support the scoped local Freeze.	/mnt/intelssd/rnatr_project/docs/core_freeze/v0.1.1/RNA_TR_Scout_Core_Freeze_Packet_v0.1.1.md	2026-08-12T09:45:00+00:00
core_freeze_preservation_artifacts_required_v0_1_0	core_freeze_governance	Require Core Freeze Packet and golden regression suite	Core Freeze requires a versioned checksummed Core Freeze Packet plus a machine-executable golden regression suite. SSOT alone is not sufficient to preserve the long-term scientific contract.	HIGH	The packet preserves the concise human-readable contract and the regression suite enforces it mechanically.	/mnt/intelssd/rnatr_project/docs/governance/RNA_TR_Scout_Core_Freeze_governance_requirements_v0.1.0.md	2026-08-10T12:30:00+00:00
six_sample_scope_engineering_validation	development_scope	Six-sample panel is engineering validation only	The six 100k-read fetal-brain comparison datasets close the replay/robustness gate but will not be used to estimate a precise RNA technical floor.	HIGH	Six samples cannot separate technical variability, biological individual variability, expression/isoform differences, and sparse low-support loci with sufficient precision.	/mnt/intelssd/rnatr_project/results/11_six_sample_frozen_p01_replay/ENCSR307SHM_pilot100k_mm2splice_v1/rnatr_six_sample_frozen_p01_replay_v0.1.5/six_sample_frozen_p01_replay.summary.tsv	2026-08-07T03:30:00+00:00
stage16t_user_facing_documentation_acceptance_v0_1_0	documentation	Accept current v0.5.0 RC user/developer/history navigation	Accept the current README and USER_GUIDE as the ordinary-user surface, DEVELOPMENT.md as navigation to current contracts/SSOT and post-Freeze lanes, and DEVELOPMENT_HISTORY_v0.5.0.md as non-authoritative historical navigation. Stage-numbered files remain validation/reproducibility history rather than ordinary user entry points.	HIGH	Stage16AI/AJ owner-reviewed documentation-only changes improved usability and future-development continuity without changing runtime or scientific semantics.	/mnt/intelssd/rnatr_project/metadata/ssot/checkpoints/stage16am_final_pro_metadata_remediation_v0.1.0/2026-08-17T080014+0000/originals/extracted/rnatr_stage16aj_development_history_navigation.result.json	2026-08-17T08:00:14+00:00
large_file_storage	infrastructure	Large-file storage policy	New raw FASTQ and other large public datasets are downloaded directly to /media/tokushimaneuro02/T9; Intel SSD retains active indexes, catalogs, QC, manifests, scripts, and compact results.	HIGH	Avoids unnecessary Intel SSD consumption while preserving fast access to active indexes.	/mnt/intelssd/rnatr_project/qc/11_primary_fetal_brain_promethion_fastq_acquisition/ENCSR307SHM_pilot100k_mm2splice_v1	2026-08-06T00:00:00+00:00
stage15a_reference_correctness_pass_v0_1_3	integration	Stage 15A isolated 100k BAM-to-final correctness reference accepted	The isolated Stage 15A v0.1.3 path from the target 100k mapping-complete BAM and associated raw-read sequence store through schema v0.4.2 is accepted as the correctness and regression reference. It is not the active production pipeline and it has not passed the production performance gate.	HIGH	All upstream semantic comparisons, native-caller reference parity, hash-seed determinism, five-table validation, cross-table validation, exact logical package parity, and atomic publication passed. The measured reference runtime still fails both the 30-minute target and the 60-minute projected hard ceiling at 5.31M reads.	/mnt/intelssd/rnatr_project/qc/15_stage15a_bam_to_final/ENCSR307SHM_pilot100k_mm2splice_v1/v0.1.3/stage15a_reference_100k.qc.tsv	2026-08-08T06:12:17+00:00
general_locus_interpretation	interpretation	General-locus result terminology	General loci are reported as population-relative longer, shorter, central, or non-comparable RNA observations; pathogenicity is not assigned.	HIGH	Pathogenic thresholds are not established for most loci and RNA measurements do not directly reveal personal DNA genotype.	/mnt/intelssd/rnatr_project/results/11_population_relative_length_interpretation/ENCSR307SHM_pilot100k_mm2splice_v1	2026-08-06T00:00:00+00:00
purpose_specific_candidate_ranking_lanes_v0_1_0	interpretation_output_architecture	Use purpose-specific ranking lanes rather than one universal score	Candidate triage will maintain separate KNOWN_DISEASE, EXPANSION_DISCOVERY, RNA_PROCESSING, REPEAT_HETEROGENEITY, HAPLOTYPE_CONTROLLED, and TECHNICAL_CONFIDENCE lanes. Known disease repeats are retained independently of generic ranking thresholds.	HIGH	Expansion discovery, RNA processing, heterogeneity, phase-controlled evidence, and technical confidence answer different scientific questions and should not be collapsed into a single opaque score.	/mnt/intelssd/rnatr_project/docs/stage15a/RNA_TR_Scout_Biology_ready_interpretation_output_contract_v0.1.0.md	2026-08-08T13:40:00+00:00
parallel_11f_11h_active_v0_1_0	performance	Parallel 11f/11h active	Activate versioned 16-process multiprocessing implementations for frozen P0/P1 stages 11f and 11h; algorithms and output semantics are unchanged.	HIGH	Stage 13C matched all 49,793 jobs in both kernels; Stage 13D and 13E each matched 10/10 major artifacts while reducing the stage pair from about 508 s historically to about 75 s.	/mnt/intelssd/rnatr_project/qc/13_parallel_active_promotion/v0.1.0/parallel_active_promotion.qc.tsv	2026-08-07T08:15:00+00:00
stage13a_performance_discovery_finalized	performance	Stage 13A performance discovery finalized	Performance optimization will focus first on exact stages 11f and 11h, which together account for 80.1387% of profiled frozen-stage runtime. GPU hardware is available but GPU acceleration is not yet selected; the decision is deferred until dynamic kernel profiling.	HIGH	Runtime provenance from five complete 100k-read replays identifies 11f and 11h as the dominant stages. SHA-based source resolution identified the exact scripts. Hardware probing confirmed an RTX 3090 with 24GB VRAM and compute capability 8.6, while the current rnatr-v03 environment lacks numba, torch, cupy, and jax.	/mnt/intelssd/rnatr_project/qc/13_performance_discovery/v0.1.1/performance_discovery_hotfix.qc.tsv	2026-08-07T07:31:00+00:00
mapping_baseline_separate_from_core_v0_1_0	performance_governance	Keep minimap2 splice mapping as a separate frozen scientific baseline	The current minimap2 splice configuration remains the FASTQ-to-BAM scientific baseline outside the active Core. Mapping acceleration is a post-Freeze Performance lane gated by TR-locus recall, locus assignment and final-output parity.	HIGH	Pre-Freeze work freezes validated scientific behavior rather than beginning a new mapping-optimization effort.	/mnt/intelssd/rnatr_project/docs/stage15n/RNA_TR_Scout_Stage15N_generic_active_path_promotion_contract_v0.1.0.md	2026-08-11T15:30:00+00:00
stage15a_deterministic_250k_scaling_acceptance_v0_1_2	performance_validation	Accept deterministic 250k scaling as intermediate exact-parity evidence	Stage15A v0.1.2 passes two-replicate 250k final-package and caller reproducibility and exact nested-100k parity. It does not close G06 or authorize full 5.31M because the linear 60-minute margin is only 0.141202 minutes.	HIGH	The benchmark is deterministic and exact-parity, but the observed scaling margin is too small to absorb larger-scale nonlinearity.	/mnt/intelssd/rnatr_project/qc/15_stage15a_bam_to_final/ENCSR307SHM_stage15a250k_seed20260808_mm2splice_v1/v0.1.2_250k_scaling/stage15a_scaling_250k.qc.tsv	2026-08-09T00:00:00+00:00
stage15c_full_empirical_acceptance_v0_1_6	performance_validation	Accept full 5.31M empirical BAM-to-final with documented first-freeze tolerance	The 5,312,696-read BAM-to-final v0.1.6 run completed in 60.041256352 minutes with correctness, memory, storage, validators, runtime-generated script/path binding, and atomic publication PASS. The result is PASS_WITH_DOCUMENTED_TOLERANCE, not strict <=60-minute PASS.	HIGH	The strict threshold was exceeded by only 2.475 seconds and the predeclared thesis/core-freeze tolerance allows <=62 minutes; the 30-minute target remains open.	/mnt/intelssd/rnatr_project/qc/15_stage15c_fullscale_bam_to_final/ENCSR307SHM_stage15c_full5312696_seed20260809_mm2splice_v1/v0.1.6/stage15c_full_empirical_run.qc.tsv	2026-08-10T00:00:00+00:00
current_projection_implementation	pipeline	Current raw-read projection implementation	11d3 / projection v0.3.3 is current; 11d and 11d2 are superseded.	HIGH	Secondary-sequence and hard-clip fixes are incorporated.	/mnt/intelssd/rnatr_project/metadata/build_tracker/checkpoints/20260803_182703_step11_rna_repeat_pilot/step11_checkpoint.md	2026-08-06T00:00:00+00:00
current_validator	pipeline	Current Core package validation contract	Evidence schema v0.4.2 table and package validators are the current active final-package validators; the v0.3.1 assignment validator remains a supporting intermediate validator.	HIGH	The active Core publishes schema v0.4.2 only after all validators pass.	/mnt/intelssd/rnatr_project/qc/15_stage15n_generic_active_path_promotion/v0.1.0/stage15n_generic_active_path_promotion.qc.tsv	2026-08-11T15:30:00+00:00
generic_core_input_contract_v0_1_0	pipeline	Generic Core input requires mapped BAM plus read-coherent source FASTQ	BAM alone is not the complete scientific input because raw source read sequence/quality is used by candidate extraction and hardclip-aware projection. BAM-to-final remains a timing boundary with mapping excluded.	HIGH	Stage15H-I exact-original review and Stage15J/L execution confirm the two-resource contract.	/mnt/intelssd/rnatr_project/docs/stage15n/RNA_TR_Scout_Stage15N_generic_active_path_promotion_contract_v0.1.0.md	2026-08-11T15:30:00+00:00
stage15e_determinism_restart_acceptance_v0_1_0	production_validation	Accept Stage15E scoped release-scale determinism and restart/resume	Accept exact checkpoint-based full-package reconstruction and selective caller-to-final restart/resume with corrupt-manifest rejection, atomic publication, and second-resume no-op. Preserve the explicit exclusion of upstream BAM partition/11b/11d3/11e full rerun and cross-hardware claims.	HIGH	All frozen Stage15E validators and parity checks passed and the clean Stage15C benchmark remained unchanged.	/mnt/intelssd/rnatr_project/qc/15_stage15e_determinism_restart/ENCSR307SHM_stage15c_full5312696_seed20260809_mm2splice_v1/v0.1.0/stage15e_combined_determinism_restart.qc.tsv	2026-08-10T12:30:00+00:00
stage16aa_independent_machine_acceptance_v0_1_0	production_validation	Accept independent-machine fresh-install validation	Accept Stage16AA as PASS for independent second-host fresh clone, fresh environment, exact network resources, automatic Core resource selection, exact Tier2 five-table parity and second-resume no-op on Linux x86-64.	HIGH	The authoritative result binds the second host, exact fixture/resource identities, automatic 1/1/2 plan, 5/5 parity and clean Git state.	/mnt/intelssd/rnatr_project/metadata/ssot/checkpoints/stage16ac_resource_readiness_v0.1.0/sha256_38ba94527d42bb08e13e600ea7c41ef4768c1571a70b6d1c7e50ab9f82a544f1/originals/rnatr_stage16aa_independent_machine_fresh_validation_v0.1.0_20260817T041347Z.json	2026-08-17T05:25:37+00:00
stage16r_fresh_public_fastq_e2e_acceptance_v0_1_0	production_validation	Accept Stage16R fresh public FASTQ-to-final validation	Accept Stage16R v0.1.0 as PASS for a fresh private-GitHub clone, fresh isolated environment, validated standard resources from exact local official/reference bundles, public `rnatr-scout run` FASTQ auto-mapping, exact five-table parity, and second-resume no-op. This is fresh-machine-equivalent validation, not final proof of full large-reference/catalog network acquisition.	HIGH	The authoritative result reports source/fresh-clone head 2191352170afe284c88cccd92c192efda2465b09, Freeze root unchanged, mapping PASS, 5/5 final-table parity, post-resume 5/5 parity, clean Git state throughout, and no Core/source mutation.	/mnt/intelssd/rnatr_project/metadata/ssot/checkpoints/stage16v_stage16r_evidence_binding_v0.1.0/sha256_4445143bb1f138b39e240a9ed85c8bc0f1b31ff632db9aad781b9a44f60829ee/originals/rnatr_stage16r_fresh_public_fastq_e2e_v0.1.0.json	2026-08-17T01:57:19+00:00
stage16s_cross_hardware_parity_acceptance_v0_1_0	production_validation	Accept scoped second-machine scientific parity	Accept Stage16S v0.1.1 as exact five-table scientific parity for the tested Tier2 input on the tested second Linux x86-64 machine, including native kernel execution and second-resume no-op. Do not generalize this to arbitrary platforms or hardware.	HIGH	The formal Stage16S v0.1.1 record distinguishes the corrected validator-side expected-SHA error from scientific output.	/mnt/intelssd/rnatr_git_stage/LOCAL_CORE_FREEZE_V0.1.0_git_snapshot_v0.1.2/docs/release/STAGE16S_CROSS_HARDWARE_PARITY_v0.1.1.md	2026-08-17T01:39:02+00:00
stage16x_full_network_fresh_install_acceptance_v0_1_0	production_validation	Accept Stage16X full-network fresh-install validation	Accept Stage16X v0.1.2 as PASS for fresh isolated source/environment/cache setup on the validated Linux x86-64 host, official GENCODE network acquisition, public catalog release-asset acquisition, public `rnatr-scout run` FASTQ auto-mapping, exact 5/5 final-table parity and second-resume no-op. This closes the intended full-network acquisition gate but is not a universal portability claim or a formal full-scale peak-disk benchmark.	HIGH	The authoritative Stage16X JSON binds exact reference/catalog downloads, standard resource validation, exact Tier3 fixture identity, final five-table SHA/row identities, mapping/resume behavior and clean Git state.	/mnt/intelssd/rnatr_project/metadata/ssot/checkpoints/stage16y_stage16wx_registration_v0.1.0/sha256_75f9cc560c22adb236902324d2d4771f7a1a6fee439cedf747a9cfb163fffd09/originals/rnatr_stage16x_full_network_fresh_install_result_v0.1.2.json	2026-08-17T03:02:53+00:00
final_ranking_gate	project_state	Final ranking remains deferred to the biology and interpretation layer	Final candidate ranking remains intentionally unexecuted until versioned biology sidecars, observability and molecule-independence state, truth-bearing validation, sample-by-locus summaries, and purpose-specific ranking lanes are implemented. RNA LPS and the Core caller technical gates are no longer the blocking reason.	HIGH	The Core now measures dual LPS and has passed caller/materializer/full-scale technical gates, while G08 and G20-G23 remain open.	/mnt/intelssd/rnatr_project/validation/release_gates_v0.3.2.tsv	2026-08-11T00:30:00+00:00
six_sample_replay_complete	project_state	Six-sample frozen P0/P1 replay complete	Stage 6AM v0.1.5 completed all six equalized 100k-read fetal-brain PromethION comparison datasets with the SSOT-verified frozen pipeline and validator_v0.3.1.	HIGH	All six samples passed 11b, raw-read projection, motif-job preparation, baseline/refinement/finalization, exact-span calibration, calibrated evidence, and v0.3.3 span normalization. ENCSR327TOR 11j was reconciled as an expected-count metadata-only issue; no algorithm recomputation was required.	/mnt/intelssd/rnatr_project/qc/11_six_sample_frozen_p01_replay/ENCSR307SHM_pilot100k_mm2splice_v1/rnatr_six_sample_frozen_p01_replay_v0.1.5/six_sample_frozen_p01_replay.qc.tsv	2026-08-07T03:03:38+00:00
step11_status	project_state	Step 11 remains in progress	Step 11 is not complete despite completed P0/P1 and P3 subbranches.	HIGH	The build tracker explicitly retains Step 11 as in_progress.	/mnt/intelssd/rnatr_project/metadata/build_tracker/checkpoints/20260803_182703_step11_rna_repeat_pilot/step11_checkpoint.md	2026-08-06T00:00:00+00:00
stage15c_runtime_path_binding_resolution_v0_1_0	provenance	Treat the Stage15A 250k internal run-ID alias as historical only	The Stage15A 250k compatibility alias remains historical provenance and is not a release contract. Stage15C v0.1.6 uses runtime-bound 11b/11d3/11e sources, audits all generated shard scripts, rejects obsolete template run IDs and mapping-run IDs in analysis scripts, and binds the full analysis run identity explicitly.	HIGH	Exact Stage15C v0.1.6 source and runtime-path binding amendment close the PRE-RC provenance concern for the validated candidate without rewriting the historical 250k artifact.	/mnt/intelssd/rnatr_project/metadata/stage15c/runtime_path_binding_amendment_v0.1.6/rnatr_stage15c_runtime_path_binding_amendment_v0.1.6.json	2026-08-11T00:30:00+00:00
primary_locus_catalog	reference	Primary locus and motif catalog	TRExplorer v2 is the primary GRCh38 locus, boundary, and motif-prior catalog.	HIGH	It provides near-complete addressability of the 11,042 pilot loci; RNA read sequence remains primary for observed molecule composition.	/mnt/intelssd/rnatr_project/docs/design/RNA-TR-Scout_population_reference_hierarchy_20260805.md	2026-08-06T00:00:00+00:00
primary_population_reference	reference	Primary DNA population distribution	AoU PacBio HiFi validation cohort (2,102 individuals) is the primary genome-wide DNA repeat-length and LPS context.	HIGH	Large long-read cohort with allele-length and LPS percentiles; cohorts are not silently pooled.	/mnt/intelssd/rnatr_project/docs/design/RNA-TR-Scout_population_reference_hierarchy_20260805.md	2026-08-06T00:00:00+00:00
tr_atlas_role	reference	TR-Atlas role	TR-Atlas is supplementary short-read population context only; no further genome-wide live crawl is planned.	HIGH	It is not the primary source for long-repeat sizing or motif decomposition.	/mnt/intelssd/rnatr_project/docs/design/RNA-TR-Scout_population_reference_hierarchy_20260805.md	2026-08-06T00:00:00+00:00
canonical_release_gate_table_v0_3_5	release_governance	Promote release-gate table v0.3.5 as current	Use validation/release_gates_v0.3.5.tsv as the current release-gate table. It preserves prior gates and records the formal G25-G30 Stage16AB adjudication; v0.3.4 remains historical/Freeze-era evidence.	HIGH	The prior current pointer contradicted accepted Stage16 evidence.	/mnt/intelssd/rnatr_git_stage/LOCAL_CORE_FREEZE_V0.1.0_git_snapshot_v0.1.2/validation/release_gates_v0.3.5.tsv	2026-08-17T08:00:14+00:00
public_rc_pro_audit_pre_remediation_v0_1_0	release_governance	Record final Pro pre-remediation adjudication	The first final Pro adjudication found no scientific/runtime failure but required four metadata/governance packaging remediations before final PASS.	HIGH	Canonical gate and algorithm-contract drift, exact RC evidence binding, and root CHANGELOG completeness required correction.	/mnt/intelssd/rnatr_project/metadata/ssot/checkpoints/stage16am_final_pro_metadata_remediation_v0.1.0/2026-08-17T080014+0000/originals/extracted/rnatr_stage16al_final_pro_crosscut_audit_pre_remediation_v0.1.0.json	2026-08-17T08:00:14+00:00
public_rc_pro_crosscut_audit_pass_v0_1_0	release_governance	Accept the final Pro cross-cut audit	The exact post-remediation RNA-TR-Scout v0.5.0 RC passes the final Pro audit for Freeze integrity, scientific/runtime identity, release packaging, standard resources, scoped portability, documentation, repository hygiene and SSOT/Git/docs consistency. Proceed only to guarded final-version and public-release binding.	HIGH	Stage16AN reread the Stage16AH/AL/AM evidence, exact remote commit/tree, current governance tables and the validated source archive; no blocking finding remains.	/mnt/intelssd/rnatr_git_stage/LOCAL_CORE_FREEZE_V0.1.0_git_snapshot_v0.1.2/docs/release/STAGE16AN_FINAL_PRO_CROSSCUT_AUDIT_v0.1.0.md	2026-08-17T08:35:10+00:00
public_rc_single_pro_crosscut_audit_required_v0_1_0	release_governance	Require one Pro cross-cut audit immediately before public RC	Before declaring the public v0.5.0 release candidate, perform one Pro-level cross-cut audit of Freeze exact state, current main, active production path, reference/catalog/mapping/CLI/install, golden and validation evidence, cross-hardware results, documentation, unresolved scope, and SSOT/Git/docs state consistency.	HIGH	The existing architecture-audit cadence already requires a pre-release-candidate audit; this decision fixes the post-Freeze Stage16 timing and scope while allowing normal High-mode engineering to continue beforehand.	/mnt/intelssd/rnatr_git_stage/LOCAL_CORE_FREEZE_V0.1.0_git_snapshot_v0.1.2/docs/release/STAGE16T_USER_FACING_DOCUMENTATION_REVIEW_v0.1.0.md	2026-08-17T01:39:02+00:00
public_v050_release_binding_v0_1_0	release_governance	Accept RNA-TR-Scout v0.5.0 as the public bound release	Accept public RNA-TR-Scout v0.5.0 as bound to annotated tag object b6387580..., exact commit 9205049e..., tree feeca99e..., checksummed source/binding assets, public clone/setup evidence, BSD-3-Clause license detection, and tag-bound CITATION metadata.	HIGH	The final live Pro audit rechecked the public repository, tag object/target, Release metadata, downloaded asset hashes, binding manifest, citation, license and prior public-source setup evidence with zero blocking finding.	/mnt/intelssd/rnatr_git_stage/LOCAL_CORE_FREEZE_V0.1.0_git_snapshot_v0.1.2/docs/release/STAGE16AR_PUBLIC_V050_RELEASE_BINDING_v0.1.0.md	2026-08-17T09:32:21+00:00
v050_release_integrity_model_v0_1_0	release_governance	Record the v0.5.0 checksum-bound integrity model	v0.5.0 uses an unsigned annotated tag plus exact tag-object, commit, tree and public asset SHA-256 binding. GitHub's immutable-release feature is not enabled; the project treats the tag as non-moving and detects drift through registered hashes.	HIGH	Signing or platform-enforced immutable releases were not explicit v0.5.0 gates; exact object and checksum evidence provides independently verifiable release integrity.	/mnt/intelssd/rnatr_git_stage/LOCAL_CORE_FREEZE_V0.1.0_git_snapshot_v0.1.2/docs/release/STAGE16AR_PUBLIC_V050_RELEASE_BINDING_v0.1.0.md	2026-08-17T09:32:21+00:00
software_license_bsd3_v0_1_0	release_packaging	Select BSD-3-Clause for RNA-TR-Scout software	The RNA-TR-Scout software source is licensed under BSD-3-Clause with Copyright (c) 2026, Ryosuke Miyamoto. Third-party catalog/data terms remain separately attributed and are not relicensed by the software LICENSE.	HIGH	Owner selected BSD-3-Clause; root LICENSE, pyproject.toml, CITATION.cff and THIRD_PARTY_NOTICES.md are mutually consistent.	/mnt/intelssd/rnatr_git_stage/LOCAL_CORE_FREEZE_V0.1.0_git_snapshot_v0.1.2/LICENSE	2026-08-17T06:03:48+00:00
g25_g29_release_readiness_closure_v0_1_0	release_readiness	Close G25-G29 for current tested scope	G25 reference bootstrap, G26 resource detection, G27 memory-aware Core scheduling, G28 scoped cross-hardware reproducibility and G29 clean-machine clone-to-test reproducibility are accepted for the currently tested Linux x86-64 ONT-cDNA release scope.	HIGH	Stage16W/X/S/Z/AA collectively provide direct network-install, resource-planning, cross-hardware and independent-machine evidence without changing the frozen Core.	/mnt/intelssd/rnatr_git_stage/LOCAL_CORE_FREEZE_V0.1.0_git_snapshot_v0.1.2/docs/release/STAGE16AB_G25_G30_RELEASE_READINESS_ADJUDICATION_v0.1.0.md	2026-08-17T05:25:37+00:00
g30_hardware_profile_pass_with_scope_v0_1_0	release_readiness	Record G30 hardware profile with scoped minimum amendment	G30 is PASS_WITH_SCOPE: tested hardware profiles and a release-scale recommended profile are documented; a lower empirical CPU/RAM minimum is not established and is intentionally not invented. The minimum remains a nonblocking limitation while user-facing documentation preserves this distinction.	HIGH	Two tested Linux x86-64 hosts provide 24/36 logical CPUs with approximately 128 GB RAM, while no lower full-scale configuration has been empirically validated.	/mnt/intelssd/rnatr_git_stage/LOCAL_CORE_FREEZE_V0.1.0_git_snapshot_v0.1.2/docs/release/HARDWARE_PROFILE_v0.1.0.md	2026-08-17T05:25:37+00:00
release_candidate_ready_for_final_pro_audit_v0_1_0	release_readiness	Release candidate passed final Pro audit	The audited RC passed the final Pro cross-cut audit. Scientific/runtime changes are no longer authorized for this release line; the next permitted work is final 0.5.0 metadata, main/public-source verification and immutable tag/release/citation binding.	HIGH	The Stage16AM prospective tree and exact remote commit are scientifically identical to the previously validated candidate, and Stage16AN closes all audit findings.	/mnt/intelssd/rnatr_git_stage/LOCAL_CORE_FREEZE_V0.1.0_git_snapshot_v0.1.2/docs/release/STAGE16AN_FINAL_PRO_CROSSCUT_AUDIT_v0.1.0.md	2026-08-17T08:35:10+00:00
stage16_release_engineering_progress_checkpoint_v0_1_0	release_readiness	Register post-Freeze Stage16 release-engineering progress	Current release engineering now includes public catalog/network-install closure plus Stage16Z resource-aware Core scheduling and Stage16AA independent-machine fresh validation. G25-G29 are accepted. G30 has tested and recommended hardware profiles documented while the empirical minimum remains explicitly unmeasured and nonblocking. CLEAN_INSTALL_INTERNAL_BETA is closed for the current Linux x86-64 ONT-cDNA scope. The immutable Core Freeze root remains 4b1981db955a8aa92a2a01e19bbb1cfc2aa0ebfb.	HIGH	Stage16Z Tier3 and Stage16AA Tier2 results retain exact frozen scientific-table identities under automatic scheduling; the second host also completed fresh environment and network-resource setup.	/mnt/intelssd/rnatr_project/metadata/ssot/checkpoints/stage16ac_resource_readiness_v0.1.0/sha256_38ba94527d42bb08e13e600ea7c41ef4768c1571a70b6d1c7e50ab9f82a544f1/originals/rnatr_stage16aa_independent_machine_fresh_validation_v0.1.0_20260817T041347Z.json	2026-08-17T05:25:37+00:00
stage16ae_public_release_packaging_acceptance_v0_1_0	release_readiness	Accept Stage16AE mechanical public-release packaging	Accept v0.5.0-rc1 mechanical packaging as complete with BSD-3-Clause, citation metadata, explicit Linux x86-64 conda lock, release notes and third-party notice separation. This does not create or authorize the final public v0.5.0 release before the final Pro audit.	HIGH	Stage16AE packaging files and Stage16AF preflight bind the candidate package identity and reproducibility metadata while preserving the Freeze root.	/mnt/intelssd/rnatr_project/metadata/ssot/checkpoints/stage16ag_rc_packaging_v0.1.0/sha256_395f8f8abb5e327105370accdc2176635d27a64942625ad3e3b06a2e6214d233/originals/rnatr_stage16af_rc_preflight.result.json	2026-08-17T06:03:48+00:00
stage16af_rc_preflight_acceptance_v0_1_0	release_readiness	Accept Stage16AF release-candidate preflight	Accept candidate c7c0d985068c4d01f7669521e6fefd146fbb1718 / tree 568974b45cf06fd76a03e70e57a643184ecac528 as mechanically ready for the final Pro cross-cut audit. Public v0.5.0 remains unreleased.	HIGH	The archived candidate passed compilation, full unit tests, resource-planner tests, version/license/citation checks, explicit-lock hygiene, setup smoke, ancestry and working-tree hygiene.	/mnt/intelssd/rnatr_project/metadata/ssot/checkpoints/stage16ag_rc_packaging_v0.1.0/sha256_395f8f8abb5e327105370accdc2176635d27a64942625ad3e3b06a2e6214d233/originals/rnatr_stage16af_rc_preflight.result.json	2026-08-17T06:03:48+00:00
stage16z_resource_aware_public_cli_acceptance_v0_1_0	release_readiness	Accept Stage16Z resource-aware public CLI	Accept resource detection and automatic Core scheduling for the current Linux x86-64 release scope. Tier2 and Tier3 automatic profiles retain exact scientific parity; resume reuses the recorded plan. Mapping-thread tuning and full-scale peak disk remain separate scopes.	HIGH	Static policy tests, primary-host Tier3 execution and second-host Tier2 execution satisfy the Stage16Z acceptance contract.	/mnt/intelssd/rnatr_project/metadata/ssot/checkpoints/stage16ac_resource_readiness_v0.1.0/sha256_38ba94527d42bb08e13e600ea7c41ef4768c1571a70b6d1c7e50ab9f82a544f1/originals/rnatr_stage16z_tier3_auto_parity_validation_v0.1.0_20260817T045332Z.json	2026-08-17T05:25:37+00:00
stage16w_public_catalog_distribution_acceptance_v0_1_0	resource_distribution	Accept Stage16W public catalog distribution	Accept the public `Ryo-Miyamo/RNA-TR-Scout-resources` release `catalog-grch38-v0.1.0` as the standard catalog distribution for this validated profile. The outer archive SHA-256 is 54a24e4b60d920c8fec16b2df37b47e40407de42b949b18dc6233e97d85f2fef; unauthenticated download is exact; the five scientific runtime member bytes remain unchanged.	HIGH	The public publication result and deterministic repack result jointly establish public accessibility, exact outer-archive identity, required notices/provenance and 5/5 runtime-member identity preservation.	/mnt/intelssd/rnatr_project/metadata/ssot/checkpoints/stage16y_stage16wx_registration_v0.1.0/sha256_75f9cc560c22adb236902324d2d4771f7a1a6fee439cedf747a9cfb163fffd09/originals/stage16w_public_catalog_publish.result.json	2026-08-17T03:02:53+00:00
evidence_schema_v0_4_2_fullscale_validated_candidate_v0_1_0	schema_design	Schema v0.4.2 and materializer v0.1.2 validated through the full-scale Stage15 candidate	Adopt schema v0.4.2 and materializer v0.1.2 as the frozen Core evidence contract for the validated Stage15 candidate. Evidence spans isolated 100k correctness, deterministic 250k/500k scaling, empirical 5,312,696-read execution, and Stage15E scoped reconstruction/restart. This decision does not itself promote current_pipeline or close G25-G34.	HIGH	The prior ACTIVE decision was limited to prepared-job-to-package validation and incorrectly retained the already-passed isolated BAM-input gate as the blocker.	/mnt/intelssd/rnatr_project/qc/15_stage15e_determinism_restart/ENCSR307SHM_stage15c_full5312696_seed20260809_mm2splice_v1/v0.1.0/stage15e_combined_determinism_restart.qc.tsv	2026-08-11T00:30:00+00:00
stage15a_checkpoint_reproducibility_amendment_v0_1_0	validation_contract	Supersede unsupported 250k checkpoint reproducibility claim with role-by-shard logical audit	The original v0.1.2 QC field checkpoint_manifest_reproducibility=true was not supported by its implementation because the checker validated each replicate separately without A/B comparison. The historical QC is preserved and superseded by a 157-row role×shard logical comparison with zero differences.	HIGH	Historical evidence must be amended rather than silently rewritten. Compressed deterministic TSVs are compared by decompressed bytes, runtime QC by timing-excluded semantic metrics, and other deterministic artifacts by raw bytes.	/mnt/intelssd/rnatr_project/qc/15_architecture_consistency_audit/ENCSR307SHM_stage15a250k_seed20260808_mm2splice_v1/post_250k_v0.1.1/checkpoint_logical_reproducibility.tsv	2026-08-09T00:00:00+00:00
g31_scope_split_technical_vs_biology_v0_1_0	validation_scope	Split G31 into technical multiplicity integrity and biological candidate-entry interpretation	Preserve the original G31 v0.1.0 machine FAIL. Adopt G31-T PASS_WITH_SCOPE_AMENDMENT because row conservation, primary-ID uniqueness, cross-scale stability, low read-locus excess, and low target concentration show no scale-dependent technical runaway. Defer G31-B candidate-rate and multiplicity meaning to the biology layer as nonblocking for current technical freeze.	HIGH	The machine fail used broader field-level semantic assumptions than the technical runaway question; deep biological interpretation is intentionally deferred by user decision.	/mnt/intelssd/rnatr_project/qc/15_stage15d_g31_row_expansion_audit/ENCSR307SHM_stage15c_full5312696_seed20260809_mm2splice_v1/v0.1.0/stage15d_g31_row_expansion_audit.qc.tsv	2026-08-10T00:00:00+00:00
