run_id	stage_key	metric_name	value_text	value_num	unit	denominator_num	source_path	recorded_at
ENCSR307SHM_pilot100k_mm2splice_v1	11_aou_stat_semantics_rna_length_comparison	primary_population_length_comparable_loci	8549	8549.0		11042.0	/mnt/intelssd/rnatr_project/qc/11_aou_stat_semantics_rna_length_comparison/ENCSR307SHM_pilot100k_mm2splice_v1/latest/aou_stat_semantics_rna_length_comparison.qc.tsv	2026-08-12T12:00:33+00:00
ENCSR307SHM_pilot100k_mm2splice_v1	11_bulk_longread_reference_crosswalk_coverage	aou_validation_length_and_lps_addressable_loci	8556	8556.0		11042.0	/mnt/intelssd/rnatr_project/results/11_bulk_longread_reference_crosswalk_coverage/ENCSR307SHM_pilot100k_mm2splice_v1/latest/summary/population_coverage_accounting.tsv	2026-08-12T12:00:33+00:00
ENCSR307SHM_pilot100k_mm2splice_v1	11_bulk_longread_reference_crosswalk_coverage	longread_population_any_addressable_loci	8755	8755.0		11042.0	/mnt/intelssd/rnatr_project/results/11_bulk_longread_reference_crosswalk_coverage/ENCSR307SHM_pilot100k_mm2splice_v1/latest/summary/population_coverage_accounting.tsv	2026-08-12T12:00:33+00:00
ENCSR307SHM_pilot100k_mm2splice_v1	11_bulk_longread_reference_crosswalk_coverage	population_reference_union_with_repeatcatalogs_loci	8756	8756.0		11042.0	/mnt/intelssd/rnatr_project/results/11_bulk_longread_reference_crosswalk_coverage/ENCSR307SHM_pilot100k_mm2splice_v1/latest/summary/population_coverage_accounting.tsv	2026-08-12T12:00:33+00:00
ENCSR307SHM_pilot100k_mm2splice_v1	11_bulk_longread_reference_crosswalk_coverage	trexplorer_exact_strict_motif_loci	11028	11028.0		11042.0	/mnt/intelssd/rnatr_project/results/11_bulk_longread_reference_crosswalk_coverage/ENCSR307SHM_pilot100k_mm2splice_v1/latest/summary/population_coverage_accounting.tsv	2026-08-12T12:00:33+00:00
	11_equalized_100k_mapping	mapped_bam_count	6	6.0			/mnt/intelssd/rnatr_project/qc/11_equalized_100k_mapping/ENCSR307SHM_pilot100k_mm2splice_v1/rnatr_equalized_100k_mm2splice_mapping_v0.1.1/equalized_100k_mapping.qc.tsv	2026-08-12T12:00:33+00:00
	11_equalized_100k_read_pilot_builder	validated_total_reads	600000	600000.0	reads		/mnt/intelssd/rnatr_project/qc/11_equalized_100k_read_pilot_builder/ENCSR307SHM_pilot100k_mm2splice_v1	2026-08-12T12:00:33+00:00
ENCSR307SHM_pilot100k_mm2splice_v1	11_population_relative_length_interpretation	multiread_max_only_longer_molecule_loci	534	534.0			/mnt/intelssd/rnatr_project/qc/11_population_relative_length_interpretation/ENCSR307SHM_pilot100k_mm2splice_v1	2026-08-12T12:00:33+00:00
ENCSR307SHM_pilot100k_mm2splice_v1	11_population_relative_length_interpretation	multiread_median_shift_longer_loci	381	381.0			/mnt/intelssd/rnatr_project/qc/11_population_relative_length_interpretation/ENCSR307SHM_pilot100k_mm2splice_v1	2026-08-12T12:00:33+00:00
ENCSR307SHM_pilot100k_mm2splice_v1	11_population_relative_length_interpretation	multiread_median_shift_shorter_loci	409	409.0			/mnt/intelssd/rnatr_project/qc/11_population_relative_length_interpretation/ENCSR307SHM_pilot100k_mm2splice_v1	2026-08-12T12:00:33+00:00
ENCSR307SHM_pilot100k_mm2splice_v1	11_population_relative_length_interpretation	rna_max_or_median_tail_union_loci	3122	3122.0		8549.0	/mnt/intelssd/rnatr_project/qc/11_population_relative_length_interpretation/ENCSR307SHM_pilot100k_mm2splice_v1	2026-08-12T12:00:33+00:00
ENCSR307SHM_pilot100k_mm2splice_v1	11_population_relative_length_interpretation	rna_max_tail_loci	2829	2829.0		8549.0	/mnt/intelssd/rnatr_project/qc/11_population_relative_length_interpretation/ENCSR307SHM_pilot100k_mm2splice_v1	2026-08-12T12:00:33+00:00
ENCSR307SHM_pilot100k_mm2splice_v1	11_population_relative_length_interpretation	rna_median_tail_loci	2588	2588.0		8549.0	/mnt/intelssd/rnatr_project/qc/11_population_relative_length_interpretation/ENCSR307SHM_pilot100k_mm2splice_v1	2026-08-12T12:00:33+00:00
	11_primary_fetal_brain_promethion_fastq_acquisition	primary_fastq_total_bytes	51197490146	51197490146.0	bytes		/mnt/intelssd/rnatr_project/qc/11_primary_fetal_brain_promethion_fastq_acquisition/ENCSR307SHM_pilot100k_mm2splice_v1	2026-08-12T12:00:33+00:00
ENCSR307SHM_pilot100k_mm2splice_v1	15A_BAM_TO_FINAL_PERFORMANCE	active_pipeline_switched_to_v042	false	0.0	boolean		/mnt/intelssd/rnatr_project/qc/15_stage15a_bam_to_final/ENCSR307SHM_pilot100k_mm2splice_v1/v0.2.2.1_performance/stage15a_performance_100k.qc.tsv	2026-08-08T11:31:27+00:00
ENCSR307SHM_pilot100k_mm2splice_v1	15A_BAM_TO_FINAL_PERFORMANCE	bam_to_final_100k_performance_validated	true	1.0	boolean	100000.0	/mnt/intelssd/rnatr_project/qc/15_stage15a_bam_to_final/ENCSR307SHM_pilot100k_mm2splice_v1/v0.2.2.1_performance/stage15a_performance_100k.qc.tsv	2026-08-08T11:31:27+00:00
ENCSR307SHM_pilot100k_mm2splice_v1	15A_BAM_TO_FINAL_PERFORMANCE	conservative_linear_5_31m_projection_minutes	58.230370558041365	58.230370558041365	minutes	5312696.0	/mnt/intelssd/rnatr_project/qc/15_stage15a_bam_to_final/ENCSR307SHM_pilot100k_mm2splice_v1/v0.2.2.1_performance/stage15a_performance_100k.qc.tsv	2026-08-08T11:31:27+00:00
ENCSR307SHM_pilot100k_mm2splice_v1	15A_BAM_TO_FINAL_PERFORMANCE	deterministic_250k_scaling_validated	false	0.0	boolean	250000.0	/mnt/intelssd/rnatr_project/qc/15_stage15a_bam_to_final/ENCSR307SHM_pilot100k_mm2splice_v1/v0.2.2.1_performance/stage15a_performance_100k.qc.tsv	2026-08-08T11:31:27+00:00
ENCSR307SHM_pilot100k_mm2splice_v1	15A_BAM_TO_FINAL_PERFORMANCE	five_m_hard_ceiling_60min_projection	PASS			5312696.0	/mnt/intelssd/rnatr_project/qc/15_stage15a_bam_to_final/ENCSR307SHM_pilot100k_mm2splice_v1/v0.2.2.1_performance/stage15a_performance_100k.qc.tsv	2026-08-08T11:31:27+00:00
ENCSR307SHM_pilot100k_mm2splice_v1	15A_BAM_TO_FINAL_PERFORMANCE	five_m_target_30min	TARGET_NOT_MET			5312696.0	/mnt/intelssd/rnatr_project/qc/15_stage15a_bam_to_final/ENCSR307SHM_pilot100k_mm2splice_v1/v0.2.2.1_performance/stage15a_performance_100k.qc.tsv	2026-08-08T11:31:27+00:00
ENCSR307SHM_pilot100k_mm2splice_v1	15A_BAM_TO_FINAL_PERFORMANCE	full_5_31m_empirical_runtime_validated	false	0.0	boolean	5312696.0	/mnt/intelssd/rnatr_project/qc/15_stage15a_bam_to_final/ENCSR307SHM_pilot100k_mm2splice_v1/v0.2.2.1_performance/stage15a_performance_100k.qc.tsv	2026-08-08T11:31:27+00:00
ENCSR307SHM_pilot100k_mm2splice_v1	15A_BAM_TO_FINAL_PERFORMANCE	full_5_31m_run_started	false	0.0	boolean	5312696.0	/mnt/intelssd/rnatr_project/qc/15_stage15a_bam_to_final/ENCSR307SHM_pilot100k_mm2splice_v1/v0.2.2.1_performance/stage15a_performance_100k.qc.tsv	2026-08-08T11:31:27+00:00
ENCSR307SHM_pilot100k_mm2splice_v1	15A_BAM_TO_FINAL_PERFORMANCE	general_repeat_calls_rows	388571	388571.0	rows		/mnt/intelssd/rnatr_project/qc/15_stage15a_bam_to_final/ENCSR307SHM_pilot100k_mm2splice_v1/v0.2.2.1_performance/stage15a_performance_100k.qc.tsv	2026-08-08T11:31:27+00:00
ENCSR307SHM_pilot100k_mm2splice_v1	15A_BAM_TO_FINAL_PERFORMANCE	hard_ceiling_evidence_scope	100K_LINEAR_PROJECTION_NOT_EMPIRICAL_5_31M			5312696.0	/mnt/intelssd/rnatr_project/qc/15_stage15a_bam_to_final/ENCSR307SHM_pilot100k_mm2splice_v1/v0.2.2.1_performance/stage15a_performance_100k.qc.tsv	2026-08-08T11:31:27+00:00
ENCSR307SHM_pilot100k_mm2splice_v1	15A_BAM_TO_FINAL_PERFORMANCE	next_gate	RUN_STAGE15A_RESTART_AND_DETERMINISTIC_250K_SCALING_NOT_FULL_5_31M				/mnt/intelssd/rnatr_project/qc/15_stage15a_bam_to_final/ENCSR307SHM_pilot100k_mm2splice_v1/v0.2.2.1_performance/stage15a_performance_100k.qc.tsv	2026-08-08T11:31:27+00:00
ENCSR307SHM_pilot100k_mm2splice_v1	15A_BAM_TO_FINAL_PERFORMANCE	package_exact_logical_parity	true	1.0	boolean	388571.0	/mnt/intelssd/rnatr_project/qc/15_stage15a_bam_to_final/ENCSR307SHM_pilot100k_mm2splice_v1/v0.2.2.1_performance/stage15a_performance_100k.qc.tsv	2026-08-08T11:31:27+00:00
ENCSR307SHM_pilot100k_mm2splice_v1	15A_BAM_TO_FINAL_PERFORMANCE	performance_candidate_bam_to_final_seconds	65.76363927999046	65.76363927999046	seconds	100000.0	/mnt/intelssd/rnatr_project/qc/15_stage15a_bam_to_final/ENCSR307SHM_pilot100k_mm2splice_v1/v0.2.2.1_performance/stage15a_performance_100k.qc.tsv	2026-08-08T11:31:27+00:00
ENCSR307SHM_pilot100k_mm2splice_v1	15A_BAM_TO_FINAL_PERFORMANCE	performance_candidate_speedup	5.078519507992296	5.078519507992296	fold	100000.0	/mnt/intelssd/rnatr_project/qc/15_stage15a_bam_to_final/ENCSR307SHM_pilot100k_mm2splice_v1/v0.2.2.1_performance/stage15a_performance_100k.qc.tsv	2026-08-08T11:31:27+00:00
ENCSR307SHM_pilot100k_mm2splice_v1	15A_BAM_TO_FINAL_PERFORMANCE	read_evidence_rows	388571	388571.0	rows		/mnt/intelssd/rnatr_project/qc/15_stage15a_bam_to_final/ENCSR307SHM_pilot100k_mm2splice_v1/v0.2.2.1_performance/stage15a_performance_100k.qc.tsv	2026-08-08T11:31:27+00:00
ENCSR307SHM_pilot100k_mm2splice_v1	15A_BAM_TO_FINAL_PERFORMANCE	repeat_event_rows	160297	160297.0	rows		/mnt/intelssd/rnatr_project/qc/15_stage15a_bam_to_final/ENCSR307SHM_pilot100k_mm2splice_v1/v0.2.2.1_performance/stage15a_performance_100k.qc.tsv	2026-08-08T11:31:27+00:00
ENCSR307SHM_pilot100k_mm2splice_v1	15A_BAM_TO_FINAL_PERFORMANCE	repeat_interruption_rows	848	848.0	rows		/mnt/intelssd/rnatr_project/qc/15_stage15a_bam_to_final/ENCSR307SHM_pilot100k_mm2splice_v1/v0.2.2.1_performance/stage15a_performance_100k.qc.tsv	2026-08-08T11:31:27+00:00
ENCSR307SHM_pilot100k_mm2splice_v1	15A_BAM_TO_FINAL_PERFORMANCE	repeat_segment_rows	161265	161265.0	rows		/mnt/intelssd/rnatr_project/qc/15_stage15a_bam_to_final/ENCSR307SHM_pilot100k_mm2splice_v1/v0.2.2.1_performance/stage15a_performance_100k.qc.tsv	2026-08-08T11:31:27+00:00
ENCSR307SHM_pilot100k_mm2splice_v1	15A_BAM_TO_FINAL_PERFORMANCE	restart_resume_validated	false	0.0	boolean		/mnt/intelssd/rnatr_project/qc/15_stage15a_bam_to_final/ENCSR307SHM_pilot100k_mm2splice_v1/v0.2.2.1_performance/stage15a_performance_100k.qc.tsv	2026-08-08T11:31:27+00:00
ENCSR307SHM_pilot100k_mm2splice_v1	15A_BAM_TO_FINAL_PERFORMANCE	stage15a_overall_status	IN_PROGRESS				/mnt/intelssd/rnatr_project/qc/15_stage15a_bam_to_final/ENCSR307SHM_pilot100k_mm2splice_v1/v0.2.2.1_performance/stage15a_performance_100k.qc.tsv	2026-08-08T11:31:27+00:00
ENCSR307SHM_pilot100k_mm2splice_v1	15A_BAM_TO_FINAL_PERFORMANCE	stage15a_performance_100k_status	PASS			100000.0	/mnt/intelssd/rnatr_project/qc/15_stage15a_bam_to_final/ENCSR307SHM_pilot100k_mm2splice_v1/v0.2.2.1_performance/stage15a_performance_100k.qc.tsv	2026-08-08T11:31:27+00:00
ENCSR307SHM_pilot100k_mm2splice_v1	15A_BAM_TO_FINAL_REFERENCE	active_pipeline_switched_to_v042	false	0.0	boolean		/mnt/intelssd/rnatr_project/qc/15_stage15a_bam_to_final/ENCSR307SHM_pilot100k_mm2splice_v1/v0.1.3/stage15a_reference_100k.qc.tsv	2026-08-08T06:12:17+00:00
ENCSR307SHM_pilot100k_mm2splice_v1	15A_BAM_TO_FINAL_REFERENCE	bam_to_final_100k_correctness_validated	true	1.0	boolean	100000.0	/mnt/intelssd/rnatr_project/qc/15_stage15a_bam_to_final/ENCSR307SHM_pilot100k_mm2splice_v1/v0.1.3/stage15a_reference_100k.qc.tsv	2026-08-08T06:12:17+00:00
ENCSR307SHM_pilot100k_mm2splice_v1	15A_BAM_TO_FINAL_REFERENCE	bam_to_final_100k_performance_validated	false	0.0	boolean	100000.0	/mnt/intelssd/rnatr_project/qc/15_stage15a_bam_to_final/ENCSR307SHM_pilot100k_mm2splice_v1/v0.1.3/stage15a_reference_100k.qc.tsv	2026-08-08T06:12:17+00:00
ENCSR307SHM_pilot100k_mm2splice_v1	15A_BAM_TO_FINAL_REFERENCE	called_attempt_rows	160315	160315.0	rows		/mnt/intelssd/rnatr_project/qc/15_stage15a_bam_to_final/ENCSR307SHM_pilot100k_mm2splice_v1/v0.1.3/stage15a_reference_100k.qc.tsv	2026-08-08T06:12:17+00:00
ENCSR307SHM_pilot100k_mm2splice_v1	15A_BAM_TO_FINAL_REFERENCE	caller_attempt_rows	388571	388571.0	rows		/mnt/intelssd/rnatr_project/qc/15_stage15a_bam_to_final/ENCSR307SHM_pilot100k_mm2splice_v1/v0.1.3/stage15a_reference_100k.qc.tsv	2026-08-08T06:12:17+00:00
ENCSR307SHM_pilot100k_mm2splice_v1	15A_BAM_TO_FINAL_REFERENCE	full_5_31m_run_started	false	0.0	boolean	5312696.0	/mnt/intelssd/rnatr_project/qc/15_stage15a_bam_to_final/ENCSR307SHM_pilot100k_mm2splice_v1/v0.1.3/stage15a_reference_100k.qc.tsv	2026-08-08T06:12:17+00:00
ENCSR307SHM_pilot100k_mm2splice_v1	15A_BAM_TO_FINAL_REFERENCE	general_repeat_calls_rows	388571	388571.0	rows		/mnt/intelssd/rnatr_project/qc/15_stage15a_bam_to_final/ENCSR307SHM_pilot100k_mm2splice_v1/v0.1.3/stage15a_reference_100k.qc.tsv	2026-08-08T06:12:17+00:00
ENCSR307SHM_pilot100k_mm2splice_v1	15A_BAM_TO_FINAL_REFERENCE	hashseed_determinism	true	1.0	boolean	388571.0	/mnt/intelssd/rnatr_project/qc/15_stage15a_bam_to_final/ENCSR307SHM_pilot100k_mm2splice_v1/v0.1.3/stage15a_reference_100k.qc.tsv	2026-08-08T06:12:17+00:00
ENCSR307SHM_pilot100k_mm2splice_v1	15A_BAM_TO_FINAL_REFERENCE	low_confidence_called_rows	6307	6307.0	rows		/mnt/intelssd/rnatr_project/qc/15_stage15a_bam_to_final/ENCSR307SHM_pilot100k_mm2splice_v1/v0.1.3/stage15a_reference_100k.qc.tsv	2026-08-08T06:12:17+00:00
ENCSR307SHM_pilot100k_mm2splice_v1	15A_BAM_TO_FINAL_REFERENCE	naive_5_31m_projection_minutes	295.724073	295.724073	minutes	5312696.0	/mnt/intelssd/rnatr_project/qc/15_stage15a_bam_to_final/ENCSR307SHM_pilot100k_mm2splice_v1/v0.1.3/stage15a_reference_100k.qc.tsv	2026-08-08T06:12:17+00:00
ENCSR307SHM_pilot100k_mm2splice_v1	15A_BAM_TO_FINAL_REFERENCE	native_caller_reference_parity	true	1.0	boolean	388571.0	/mnt/intelssd/rnatr_project/qc/15_stage15a_bam_to_final/ENCSR307SHM_pilot100k_mm2splice_v1/v0.1.3/stage15a_reference_100k.qc.tsv	2026-08-08T06:12:17+00:00
ENCSR307SHM_pilot100k_mm2splice_v1	15A_BAM_TO_FINAL_REFERENCE	next_gate	BUILD_AND_RUN_STAGE15A_PERFORMANCE_CANDIDATE				/mnt/intelssd/rnatr_project/qc/15_stage15a_bam_to_final/ENCSR307SHM_pilot100k_mm2splice_v1/v0.1.3/stage15a_reference_100k.qc.tsv	2026-08-08T06:12:17+00:00
ENCSR307SHM_pilot100k_mm2splice_v1	15A_BAM_TO_FINAL_REFERENCE	package_exact_logical_parity	true	1.0	boolean	388571.0	/mnt/intelssd/rnatr_project/qc/15_stage15a_bam_to_final/ENCSR307SHM_pilot100k_mm2splice_v1/v0.1.3/stage15a_reference_100k.qc.tsv	2026-08-08T06:12:17+00:00
ENCSR307SHM_pilot100k_mm2splice_v1	15A_BAM_TO_FINAL_REFERENCE	read_evidence_rows	388571	388571.0	rows		/mnt/intelssd/rnatr_project/qc/15_stage15a_bam_to_final/ENCSR307SHM_pilot100k_mm2splice_v1/v0.1.3/stage15a_reference_100k.qc.tsv	2026-08-08T06:12:17+00:00
ENCSR307SHM_pilot100k_mm2splice_v1	15A_BAM_TO_FINAL_REFERENCE	reference_bam_to_final_composed_seconds	333.981925	333.981925	seconds	100000.0	/mnt/intelssd/rnatr_project/qc/15_stage15a_bam_to_final/ENCSR307SHM_pilot100k_mm2splice_v1/v0.1.3/stage15a_reference_100k.qc.tsv	2026-08-08T06:12:17+00:00
ENCSR307SHM_pilot100k_mm2splice_v1	15A_BAM_TO_FINAL_REFERENCE	reference_lane_30min_target	TARGET_NOT_MET			5312696.0	/mnt/intelssd/rnatr_project/qc/15_stage15a_bam_to_final/ENCSR307SHM_pilot100k_mm2splice_v1/v0.1.3/stage15a_reference_100k.qc.tsv	2026-08-08T06:12:17+00:00
ENCSR307SHM_pilot100k_mm2splice_v1	15A_BAM_TO_FINAL_REFERENCE	reference_lane_60min_hard_ceiling_projection	FAIL			5312696.0	/mnt/intelssd/rnatr_project/qc/15_stage15a_bam_to_final/ENCSR307SHM_pilot100k_mm2splice_v1/v0.1.3/stage15a_reference_100k.qc.tsv	2026-08-08T06:12:17+00:00
ENCSR307SHM_pilot100k_mm2splice_v1	15A_BAM_TO_FINAL_REFERENCE	repeat_event_rows	160297	160297.0	rows		/mnt/intelssd/rnatr_project/qc/15_stage15a_bam_to_final/ENCSR307SHM_pilot100k_mm2splice_v1/v0.1.3/stage15a_reference_100k.qc.tsv	2026-08-08T06:12:17+00:00
ENCSR307SHM_pilot100k_mm2splice_v1	15A_BAM_TO_FINAL_REFERENCE	repeat_interruption_rows	848	848.0	rows		/mnt/intelssd/rnatr_project/qc/15_stage15a_bam_to_final/ENCSR307SHM_pilot100k_mm2splice_v1/v0.1.3/stage15a_reference_100k.qc.tsv	2026-08-08T06:12:17+00:00
ENCSR307SHM_pilot100k_mm2splice_v1	15A_BAM_TO_FINAL_REFERENCE	repeat_segment_rows	161265	161265.0	rows		/mnt/intelssd/rnatr_project/qc/15_stage15a_bam_to_final/ENCSR307SHM_pilot100k_mm2splice_v1/v0.1.3/stage15a_reference_100k.qc.tsv	2026-08-08T06:12:17+00:00
ENCSR307SHM_pilot100k_mm2splice_v1	15A_BAM_TO_FINAL_REFERENCE	stage15a_overall_status	IN_PROGRESS				/mnt/intelssd/rnatr_project/qc/15_stage15a_bam_to_final/ENCSR307SHM_pilot100k_mm2splice_v1/v0.1.3/stage15a_reference_100k.qc.tsv	2026-08-08T06:12:17+00:00
ENCSR307SHM_pilot100k_mm2splice_v1	15A_BAM_TO_FINAL_REFERENCE	stage15a_reference_correctness_status	PASS				/mnt/intelssd/rnatr_project/qc/15_stage15a_bam_to_final/ENCSR307SHM_pilot100k_mm2splice_v1/v0.1.3/stage15a_reference_100k.qc.tsv	2026-08-08T06:12:17+00:00
ENCSR307SHM_stage15a500k_seed20260809_mm2splice_v1	15A_DETERMINISTIC_500K_SCALING	bam_to_final_seconds	335.3816997719696	335.3816997719696	seconds		/mnt/intelssd/rnatr_project/qc/15_stage15a_bam_to_final/ENCSR307SHM_stage15a500k_seed20260809_mm2splice_v1/v0.1.1_500k_scaling/stage15a_scaling_500k.qc.tsv	2026-08-10T00:00:00+00:00
ENCSR307SHM_stage15a500k_seed20260809_mm2splice_v1	15A_DETERMINISTIC_500K_SCALING	candidate_reads	396549	396549.0	reads	500000.0	/mnt/intelssd/rnatr_project/qc/15_stage15a_bam_to_final/ENCSR307SHM_stage15a500k_seed20260809_mm2splice_v1/v0.1.1_500k_scaling/stage15a_scaling_500k.qc.tsv	2026-08-10T00:00:00+00:00
ENCSR307SHM_stage15a500k_seed20260809_mm2splice_v1	15A_DETERMINISTIC_500K_SCALING	candidate_rows	1948859	1948859.0	rows		/mnt/intelssd/rnatr_project/qc/15_stage15a_bam_to_final/ENCSR307SHM_stage15a500k_seed20260809_mm2splice_v1/v0.1.1_500k_scaling/stage15a_scaling_500k.qc.tsv	2026-08-10T00:00:00+00:00
ENCSR307SHM_stage15a500k_seed20260809_mm2splice_v1	15A_DETERMINISTIC_500K_SCALING	full_projection_minutes	59.39270049505812	59.39270049505812	minutes		/mnt/intelssd/rnatr_project/qc/15_stage15a_bam_to_final/ENCSR307SHM_stage15a500k_seed20260809_mm2splice_v1/v0.1.1_500k_scaling/stage15a_scaling_500k.qc.tsv	2026-08-10T00:00:00+00:00
ENCSR307SHM_stage15a500k_seed20260809_mm2splice_v1	15A_DETERMINISTIC_500K_SCALING	input_reads	500000	500000.0	reads		/mnt/intelssd/rnatr_project/qc/15_stage15a_bam_to_final/ENCSR307SHM_stage15a500k_seed20260809_mm2splice_v1/v0.1.1_500k_scaling/stage15a_scaling_500k.qc.tsv	2026-08-10T00:00:00+00:00
ENCSR307SHM_stage15a250k_seed20260808_mm2splice_v1	15A_DETERMINISTIC_SCALING	alignment_records	459743	459743.0	rows		/mnt/intelssd/rnatr_project/qc/15_stage15a_bam_to_final/ENCSR307SHM_stage15a250k_seed20260808_mm2splice_v1/v0.1.2_250k_scaling/stage15a_scaling_250k.qc.tsv	2026-08-12T12:00:33+00:00
ENCSR307SHM_stage15a250k_seed20260808_mm2splice_v1	15A_DETERMINISTIC_SCALING	bam_to_final_conservative_seconds	169.0068411460379	169.0068411460379	seconds		/mnt/intelssd/rnatr_project/qc/15_stage15a_bam_to_final/ENCSR307SHM_stage15a250k_seed20260808_mm2splice_v1/v0.1.2_250k_scaling/stage15a_scaling_250k.qc.tsv	2026-08-12T12:00:33+00:00
ENCSR307SHM_stage15a250k_seed20260808_mm2splice_v1	15A_DETERMINISTIC_SCALING	caller_attempt_rows	972533	972533.0	rows		/mnt/intelssd/rnatr_project/qc/15_stage15a_bam_to_final/ENCSR307SHM_stage15a250k_seed20260808_mm2splice_v1/v0.1.2_250k_scaling/stage15a_scaling_250k.qc.tsv	2026-08-12T12:00:33+00:00
ENCSR307SHM_stage15a250k_seed20260808_mm2splice_v1	15A_DETERMINISTIC_SCALING	caller_called_rows	401163	401163.0	rows		/mnt/intelssd/rnatr_project/qc/15_stage15a_bam_to_final/ENCSR307SHM_stage15a250k_seed20260808_mm2splice_v1/v0.1.2_250k_scaling/stage15a_scaling_250k.qc.tsv	2026-08-12T12:00:33+00:00
ENCSR307SHM_stage15a250k_seed20260808_mm2splice_v1	15A_DETERMINISTIC_SCALING	caller_hashseed_logical_reproducibility	1	1.0			/mnt/intelssd/rnatr_project/qc/15_stage15a_bam_to_final/ENCSR307SHM_stage15a250k_seed20260808_mm2splice_v1/v0.1.2_250k_scaling/stage15a_scaling_250k.qc.tsv	2026-08-12T12:00:33+00:00
ENCSR307SHM_stage15a250k_seed20260808_mm2splice_v1	15A_DETERMINISTIC_SCALING	candidate_reads	198188	198188.0	reads		/mnt/intelssd/rnatr_project/qc/15_stage15a_bam_to_final/ENCSR307SHM_stage15a250k_seed20260808_mm2splice_v1/v0.1.2_250k_scaling/stage15a_scaling_250k.qc.tsv	2026-08-12T12:00:33+00:00
ENCSR307SHM_stage15a250k_seed20260808_mm2splice_v1	15A_DETERMINISTIC_SCALING	candidate_rows	972533	972533.0	rows		/mnt/intelssd/rnatr_project/qc/15_stage15a_bam_to_final/ENCSR307SHM_stage15a250k_seed20260808_mm2splice_v1/v0.1.2_250k_scaling/stage15a_scaling_250k.qc.tsv	2026-08-12T12:00:33+00:00
ENCSR307SHM_stage15a250k_seed20260808_mm2splice_v1	15A_DETERMINISTIC_SCALING	candidate_window_bases	446573382	446573382.0	bp		/mnt/intelssd/rnatr_project/qc/15_stage15a_bam_to_final/ENCSR307SHM_stage15a250k_seed20260808_mm2splice_v1/v0.1.2_250k_scaling/stage15a_scaling_250k.qc.tsv	2026-08-12T12:00:33+00:00
ENCSR307SHM_stage15a250k_seed20260808_mm2splice_v1	15A_DETERMINISTIC_SCALING	hard_ceiling_margin_minutes	0.14120207138726926	0.14120207138726926	minutes		/mnt/intelssd/rnatr_project/qc/15_stage15a_bam_to_final/ENCSR307SHM_stage15a250k_seed20260808_mm2splice_v1/v0.1.2_250k_scaling/stage15a_scaling_250k.qc.tsv	2026-08-12T12:00:33+00:00
ENCSR307SHM_stage15a250k_seed20260808_mm2splice_v1	15A_DETERMINISTIC_SCALING	input_reads	250000	250000.0	reads		/mnt/intelssd/rnatr_project/qc/15_stage15a_bam_to_final/ENCSR307SHM_stage15a250k_seed20260808_mm2splice_v1/v0.1.2_250k_scaling/stage15a_scaling_250k.qc.tsv	2026-08-12T12:00:33+00:00
ENCSR307SHM_stage15a250k_seed20260808_mm2splice_v1	15A_DETERMINISTIC_SCALING	linear_5_31m_projection_minutes	59.85879792861273	59.85879792861273	minutes		/mnt/intelssd/rnatr_project/qc/15_stage15a_bam_to_final/ENCSR307SHM_stage15a250k_seed20260808_mm2splice_v1/v0.1.2_250k_scaling/stage15a_scaling_250k.qc.tsv	2026-08-12T12:00:33+00:00
ENCSR307SHM_stage15a250k_seed20260808_mm2splice_v1	15A_DETERMINISTIC_SCALING	maximum_observed_stage_rss_kbytes	13928608.0	13928608.0	kB		/mnt/intelssd/rnatr_project/qc/15_stage15a_bam_to_final/ENCSR307SHM_stage15a250k_seed20260808_mm2splice_v1/v0.1.2_250k_scaling/stage15a_scaling_250k.qc.tsv	2026-08-12T12:00:33+00:00
ENCSR307SHM_stage15a250k_seed20260808_mm2splice_v1	15A_DETERMINISTIC_SCALING	nested_100k_package_exact_parity	1	1.0			/mnt/intelssd/rnatr_project/qc/15_stage15a_bam_to_final/ENCSR307SHM_stage15a250k_seed20260808_mm2splice_v1/v0.1.2_250k_scaling/stage15a_scaling_250k.qc.tsv	2026-08-12T12:00:33+00:00
ENCSR307SHM_stage15a250k_seed20260808_mm2splice_v1	15A_DETERMINISTIC_SCALING	original_checkpoint_claim_supported	0	0.0			/mnt/intelssd/rnatr_project/qc/15_stage15a_bam_to_final/ENCSR307SHM_stage15a250k_seed20260808_mm2splice_v1/v0.1.2_250k_scaling/stage15a_scaling_250k.qc.tsv	2026-08-12T12:00:33+00:00
ENCSR307SHM_stage15a250k_seed20260808_mm2splice_v1	15A_DETERMINISTIC_SCALING	package_exact_logical_reproducibility	1	1.0			/mnt/intelssd/rnatr_project/qc/15_stage15a_bam_to_final/ENCSR307SHM_stage15a250k_seed20260808_mm2splice_v1/v0.1.2_250k_scaling/stage15a_scaling_250k.qc.tsv	2026-08-12T12:00:33+00:00
ENCSR307SHM_stage15a250k_seed20260808_mm2splice_v1	15A_DETERMINISTIC_SCALING	package_exact_raw_reproducibility	1	1.0			/mnt/intelssd/rnatr_project/qc/15_stage15a_bam_to_final/ENCSR307SHM_stage15a250k_seed20260808_mm2splice_v1/v0.1.2_250k_scaling/stage15a_scaling_250k.qc.tsv	2026-08-12T12:00:33+00:00
ENCSR307SHM_stage15a250k_seed20260808_mm2splice_v1	15A_DETERMINISTIC_SCALING	peak_temporary_and_output_bytes	6779981067.0	6779981067.0	bytes		/mnt/intelssd/rnatr_project/qc/15_stage15a_bam_to_final/ENCSR307SHM_stage15a250k_seed20260808_mm2splice_v1/v0.1.2_250k_scaling/stage15a_scaling_250k.qc.tsv	2026-08-12T12:00:33+00:00
ENCSR307SHM_stage15a250k_seed20260808_mm2splice_v1	15A_DETERMINISTIC_SCALING	per_read_normalized_scaling_factor	1.0279652585921333	1.0279652585921333			/mnt/intelssd/rnatr_project/qc/15_stage15a_bam_to_final/ENCSR307SHM_stage15a250k_seed20260808_mm2splice_v1/v0.1.2_250k_scaling/stage15a_scaling_250k.qc.tsv	2026-08-12T12:00:33+00:00
ENCSR307SHM_stage15a250k_seed20260808_mm2splice_v1	15A_DETERMINISTIC_SCALING	repeat_event_rows	401096	401096.0	rows		/mnt/intelssd/rnatr_project/qc/15_stage15a_bam_to_final/ENCSR307SHM_stage15a250k_seed20260808_mm2splice_v1/v0.1.2_250k_scaling/stage15a_scaling_250k.qc.tsv	2026-08-12T12:00:33+00:00
ENCSR307SHM_stage15a250k_seed20260808_mm2splice_v1	15A_DETERMINISTIC_SCALING	replacement_checkpoint_logical_reproducibility	1	1.0			/mnt/intelssd/rnatr_project/qc/15_stage15a_bam_to_final/ENCSR307SHM_stage15a250k_seed20260808_mm2splice_v1/v0.1.2_250k_scaling/stage15a_scaling_250k.qc.tsv	2026-08-12T12:00:33+00:00
ENCSR307SHM_pilot100k_mm2splice_v1	15A_RESTART_RESUME_VALIDATION	restart_checkpoint_rows_verified	138	138.0	rows		/mnt/intelssd/rnatr_project/qc/15_stage15a_bam_to_final/ENCSR307SHM_pilot100k_mm2splice_v1/v0.2.3_restart_resume_100k/stage15a_restart_resume_100k.qc.tsv	2026-08-12T12:00:33+00:00
ENCSR307SHM_pilot100k_mm2splice_v1	15A_RESTART_RESUME_VALIDATION	restart_materializer_resume_seconds	4.647109096986242	4.647109096986242	seconds		/mnt/intelssd/rnatr_project/qc/15_stage15a_bam_to_final/ENCSR307SHM_pilot100k_mm2splice_v1/v0.2.3_restart_resume_100k/stage15a_restart_resume_100k.qc.tsv	2026-08-12T12:00:33+00:00
ENCSR307SHM_pilot100k_mm2splice_v1	15A_RESTART_RESUME_VALIDATION	restart_noop_manifest_unchanged	1	1.0			/mnt/intelssd/rnatr_project/qc/15_stage15a_bam_to_final/ENCSR307SHM_pilot100k_mm2splice_v1/v0.2.3_restart_resume_100k/stage15a_restart_resume_100k.qc.tsv	2026-08-12T12:00:33+00:00
ENCSR307SHM_pilot100k_mm2splice_v1	15A_RESTART_RESUME_VALIDATION	restart_package_exact_raw_parity	1	1.0			/mnt/intelssd/rnatr_project/qc/15_stage15a_bam_to_final/ENCSR307SHM_pilot100k_mm2splice_v1/v0.2.3_restart_resume_100k/stage15a_restart_resume_100k.qc.tsv	2026-08-12T12:00:33+00:00
ENCSR307SHM_pilot100k_mm2splice_v1	15A_RESTART_RESUME_VALIDATION	restart_resume_validated	1	1.0			/mnt/intelssd/rnatr_project/qc/15_stage15a_bam_to_final/ENCSR307SHM_pilot100k_mm2splice_v1/v0.2.3_restart_resume_100k/stage15a_restart_resume_100k.qc.tsv	2026-08-12T12:00:33+00:00
ENCSR307SHM_pilot100k_mm2splice_v1	15A_RESTART_RESUME_VALIDATION	restart_validator_seconds	13.155308639048599	13.155308639048599	seconds		/mnt/intelssd/rnatr_project/qc/15_stage15a_bam_to_final/ENCSR307SHM_pilot100k_mm2splice_v1/v0.2.3_restart_resume_100k/stage15a_restart_resume_100k.qc.tsv	2026-08-12T12:00:33+00:00
ENCSR307SHM_stage15c_full5312696_seed20260809_mm2splice_v1	15C_FULL_EMPIRICAL_BAM_TO_FINAL	bam_to_final_minutes	60.041256352	60.041256352	minutes		/mnt/intelssd/rnatr_project/qc/15_stage15c_fullscale_bam_to_final/ENCSR307SHM_stage15c_full5312696_seed20260809_mm2splice_v1/v0.1.6/stage15c_full_empirical_run.qc.tsv	2026-08-10T00:00:00+00:00
ENCSR307SHM_stage15c_full5312696_seed20260809_mm2splice_v1	15C_FULL_EMPIRICAL_BAM_TO_FINAL	bam_to_final_seconds	3602.475381092	3602.475381092	seconds		/mnt/intelssd/rnatr_project/qc/15_stage15c_fullscale_bam_to_final/ENCSR307SHM_stage15c_full5312696_seed20260809_mm2splice_v1/v0.1.6/stage15c_full_empirical_run.qc.tsv	2026-08-10T00:00:00+00:00
ENCSR307SHM_stage15c_full5312696_seed20260809_mm2splice_v1	15C_FULL_EMPIRICAL_BAM_TO_FINAL	caller_called_rows	8524435	8524435.0	rows	20656258.0	/mnt/intelssd/rnatr_project/qc/15_stage15c_fullscale_bam_to_final/ENCSR307SHM_stage15c_full5312696_seed20260809_mm2splice_v1/v0.1.6/stage15c_full_empirical_run.qc.tsv	2026-08-10T00:00:00+00:00
ENCSR307SHM_stage15c_full5312696_seed20260809_mm2splice_v1	15C_FULL_EMPIRICAL_BAM_TO_FINAL	caller_error_rows	0	0.0	rows	20656258.0	/mnt/intelssd/rnatr_project/qc/15_stage15c_fullscale_bam_to_final/ENCSR307SHM_stage15c_full5312696_seed20260809_mm2splice_v1/v0.1.6/stage15c_full_empirical_run.qc.tsv	2026-08-10T00:00:00+00:00
ENCSR307SHM_stage15c_full5312696_seed20260809_mm2splice_v1	15C_FULL_EMPIRICAL_BAM_TO_FINAL	caller_no_call_rows	12131823	12131823.0	rows	20656258.0	/mnt/intelssd/rnatr_project/qc/15_stage15c_fullscale_bam_to_final/ENCSR307SHM_stage15c_full5312696_seed20260809_mm2splice_v1/v0.1.6/stage15c_full_empirical_run.qc.tsv	2026-08-10T00:00:00+00:00
ENCSR307SHM_stage15c_full5312696_seed20260809_mm2splice_v1	15C_FULL_EMPIRICAL_BAM_TO_FINAL	candidate_reads	4212263	4212263.0	reads	5312696.0	/mnt/intelssd/rnatr_project/qc/15_stage15c_fullscale_bam_to_final/ENCSR307SHM_stage15c_full5312696_seed20260809_mm2splice_v1/v0.1.6/stage15c_full_empirical_run.qc.tsv	2026-08-10T00:00:00+00:00
ENCSR307SHM_stage15c_full5312696_seed20260809_mm2splice_v1	15C_FULL_EMPIRICAL_BAM_TO_FINAL	candidate_rows	20656258	20656258.0	rows		/mnt/intelssd/rnatr_project/qc/15_stage15c_fullscale_bam_to_final/ENCSR307SHM_stage15c_full5312696_seed20260809_mm2splice_v1/v0.1.6/stage15c_full_empirical_run.qc.tsv	2026-08-10T00:00:00+00:00
ENCSR307SHM_stage15c_full5312696_seed20260809_mm2splice_v1	15C_FULL_EMPIRICAL_BAM_TO_FINAL	checkpoint_bytes	140029015504	140029015504.0	bytes		/mnt/intelssd/rnatr_project/qc/15_stage15c_fullscale_bam_to_final/ENCSR307SHM_stage15c_full5312696_seed20260809_mm2splice_v1/v0.1.6/stage15c_full_empirical_run.qc.tsv	2026-08-10T00:00:00+00:00
ENCSR307SHM_stage15c_full5312696_seed20260809_mm2splice_v1	15C_FULL_EMPIRICAL_BAM_TO_FINAL	checkpoint_rows	1884	1884.0	rows		/mnt/intelssd/rnatr_project/qc/15_stage15c_fullscale_bam_to_final/ENCSR307SHM_stage15c_full5312696_seed20260809_mm2splice_v1/v0.1.6/stage15c_full_empirical_run.qc.tsv	2026-08-10T00:00:00+00:00
ENCSR307SHM_stage15c_full5312696_seed20260809_mm2splice_v1	15C_FULL_EMPIRICAL_BAM_TO_FINAL	input_reads	5312696	5312696.0	reads		/mnt/intelssd/rnatr_project/qc/15_stage15c_fullscale_bam_to_final/ENCSR307SHM_stage15c_full5312696_seed20260809_mm2splice_v1/v0.1.6/stage15c_full_empirical_run.qc.tsv	2026-08-10T00:00:00+00:00
ENCSR307SHM_stage15c_full5312696_seed20260809_mm2splice_v1	15C_FULL_EMPIRICAL_BAM_TO_FINAL	maximum_host_used_fraction	0.272065	0.272065	fraction	1.0	/mnt/intelssd/rnatr_project/qc/15_stage15c_fullscale_bam_to_final/ENCSR307SHM_stage15c_full5312696_seed20260809_mm2splice_v1/v0.1.6/stage15c_full_empirical_run.qc.tsv	2026-08-10T00:00:00+00:00
ENCSR307SHM_stage15c_full5312696_seed20260809_mm2splice_v1	15C_FULL_EMPIRICAL_BAM_TO_FINAL	minimum_project_free_bytes	165594337280	165594337280.0	bytes		/mnt/intelssd/rnatr_project/qc/15_stage15c_fullscale_bam_to_final/ENCSR307SHM_stage15c_full5312696_seed20260809_mm2splice_v1/v0.1.6/stage15c_full_empirical_run.qc.tsv	2026-08-10T00:00:00+00:00
ENCSR307SHM_stage15c_full5312696_seed20260809_mm2splice_v1	15C_FULL_EMPIRICAL_BAM_TO_FINAL	peak_temporary_and_output_bytes	146580576495	146580576495.0	bytes		/mnt/intelssd/rnatr_project/qc/15_stage15c_fullscale_bam_to_final/ENCSR307SHM_stage15c_full5312696_seed20260809_mm2splice_v1/v0.1.6/stage15c_full_empirical_run.qc.tsv	2026-08-10T00:00:00+00:00
ENCSR307SHM_stage15c_full5312696_seed20260809_mm2splice_v1	15C_FULL_EMPIRICAL_BAM_TO_FINAL	repeat_events_rows	8523140	8523140.0	rows		/mnt/intelssd/rnatr_project/qc/15_stage15c_fullscale_bam_to_final/ENCSR307SHM_stage15c_full5312696_seed20260809_mm2splice_v1/v0.1.6/stage15c_full_empirical_run.qc.tsv	2026-08-10T00:00:00+00:00
ENCSR307SHM_stage15c_full5312696_seed20260809_mm2splice_v1	15C_FULL_EMPIRICAL_BAM_TO_FINAL	repeat_interruptions_rows	43399	43399.0	rows		/mnt/intelssd/rnatr_project/qc/15_stage15c_fullscale_bam_to_final/ENCSR307SHM_stage15c_full5312696_seed20260809_mm2splice_v1/v0.1.6/stage15c_full_empirical_run.qc.tsv	2026-08-10T00:00:00+00:00
ENCSR307SHM_stage15c_full5312696_seed20260809_mm2splice_v1	15C_FULL_EMPIRICAL_BAM_TO_FINAL	repeat_segments_rows	8573315	8573315.0	rows		/mnt/intelssd/rnatr_project/qc/15_stage15c_fullscale_bam_to_final/ENCSR307SHM_stage15c_full5312696_seed20260809_mm2splice_v1/v0.1.6/stage15c_full_empirical_run.qc.tsv	2026-08-10T00:00:00+00:00
ENCSR307SHM_stage15c_full5312696_seed20260809_mm2splice_v1	15D_G31_ROW_EXPANSION_AUDIT	assignment_excess_over_unique_loci	6431	6431.0	rows	20656258.0	/mnt/intelssd/rnatr_project/qc/15_stage15d_g31_row_expansion_audit/ENCSR307SHM_stage15c_full5312696_seed20260809_mm2splice_v1/v0.1.0/candidate_entry_rate_and_reason_audit.tsv	2026-08-10T00:00:00+00:00
ENCSR307SHM_stage15c_full5312696_seed20260809_mm2splice_v1	15D_G31_ROW_EXPANSION_AUDIT	candidate_read_rate	0.792867312566	0.792867312566	fraction	5312696.0	/mnt/intelssd/rnatr_project/qc/15_stage15d_g31_row_expansion_audit/ENCSR307SHM_stage15c_full5312696_seed20260809_mm2splice_v1/v0.1.0/stage15d_g31_row_expansion_audit.qc.tsv	2026-08-10T00:00:00+00:00
ENCSR307SHM_stage15c_full5312696_seed20260809_mm2splice_v1	15D_G31_ROW_EXPANSION_AUDIT	candidate_rows_per_candidate_read	4.903838625461	4.903838625461	ratio	4212263.0	/mnt/intelssd/rnatr_project/qc/15_stage15d_g31_row_expansion_audit/ENCSR307SHM_stage15c_full5312696_seed20260809_mm2splice_v1/v0.1.0/stage15d_g31_row_expansion_audit.qc.tsv	2026-08-10T00:00:00+00:00
ENCSR307SHM_stage15c_full5312696_seed20260809_mm2splice_v1	15D_G31_ROW_EXPANSION_AUDIT	candidate_rows_per_input_read	3.888093352226	3.888093352226	ratio	5312696.0	/mnt/intelssd/rnatr_project/qc/15_stage15d_g31_row_expansion_audit/ENCSR307SHM_stage15c_full5312696_seed20260809_mm2splice_v1/v0.1.0/stage15d_g31_row_expansion_audit.qc.tsv	2026-08-10T00:00:00+00:00
ENCSR307SHM_stage15c_full5312696_seed20260809_mm2splice_v1	15D_G31_ROW_EXPANSION_AUDIT	exact_overlap_candidate_reads	3020451	3020451.0	reads	5312696.0	/mnt/intelssd/rnatr_project/qc/15_stage15d_g31_row_expansion_audit/ENCSR307SHM_stage15c_full5312696_seed20260809_mm2splice_v1/v0.1.0/candidate_entry_rate_and_reason_audit.tsv	2026-08-10T00:00:00+00:00
ENCSR307SHM_stage15c_full5312696_seed20260809_mm2splice_v1	15D_G31_ROW_EXPANSION_AUDIT	proximal_only_candidate_reads	1191812	1191812.0	reads	5312696.0	/mnt/intelssd/rnatr_project/qc/15_stage15d_g31_row_expansion_audit/ENCSR307SHM_stage15c_full5312696_seed20260809_mm2splice_v1/v0.1.0/candidate_entry_rate_and_reason_audit.tsv	2026-08-10T00:00:00+00:00
ENCSR307SHM_stage15e_determinism_restart_hashseed20260810_v1	15E_RELEASE_SCALE_DETERMINISM_RESTART	baseline_hash_seed	0	0.0			/mnt/intelssd/rnatr_project/qc/15_stage15e_determinism_restart/ENCSR307SHM_stage15c_full5312696_seed20260809_mm2splice_v1/v0.1.0/stage15e_combined_determinism_restart.qc.tsv	2026-08-10T12:30:00+00:00
ENCSR307SHM_stage15e_determinism_restart_hashseed20260810_v1	15E_RELEASE_SCALE_DETERMINISM_RESTART	checkpoint_artifacts	1884	1884.0	artifacts		/mnt/intelssd/rnatr_project/qc/15_stage15e_determinism_restart/ENCSR307SHM_stage15c_full5312696_seed20260809_mm2splice_v1/v0.1.0/checkpoint/first_resume.checkpoint_rehash.qc.tsv	2026-08-10T12:30:00+00:00
ENCSR307SHM_stage15e_determinism_restart_hashseed20260810_v1	15E_RELEASE_SCALE_DETERMINISM_RESTART	checkpoint_bytes	140029015504	140029015504.0	bytes		/mnt/intelssd/rnatr_project/qc/15_stage15e_determinism_restart/ENCSR307SHM_stage15c_full5312696_seed20260809_mm2splice_v1/v0.1.0/checkpoint/first_resume.checkpoint_rehash.qc.tsv	2026-08-10T12:30:00+00:00
ENCSR307SHM_stage15e_determinism_restart_hashseed20260810_v1	15E_RELEASE_SCALE_DETERMINISM_RESTART	clean_runtime_minutes	60.041256352	60.041256352	minutes		/mnt/intelssd/rnatr_project/qc/15_stage15e_determinism_restart/ENCSR307SHM_stage15c_full5312696_seed20260809_mm2splice_v1/v0.1.0/stage15e_combined_determinism_restart.qc.tsv	2026-08-10T12:30:00+00:00
ENCSR307SHM_stage15e_determinism_restart_hashseed20260810_v1	15E_RELEASE_SCALE_DETERMINISM_RESTART	determinism_hash_seed	20260810	20260810.0			/mnt/intelssd/rnatr_project/qc/15_stage15e_determinism_restart/ENCSR307SHM_stage15c_full5312696_seed20260809_mm2splice_v1/v0.1.0/stage15e_combined_determinism_restart.qc.tsv	2026-08-10T12:30:00+00:00
ENCSR307SHM_stage15e_determinism_restart_hashseed20260810_v1	15E_RELEASE_SCALE_DETERMINISM_RESTART	fresh_target_shards	1	1.0	shards	144.0	/mnt/intelssd/rnatr_project/qc/15_stage15e_determinism_restart/ENCSR307SHM_stage15c_full5312696_seed20260809_mm2splice_v1/v0.1.0/stage15e_combined_determinism_restart.qc.tsv	2026-08-10T12:30:00+00:00
ENCSR307SHM_stage15e_determinism_restart_hashseed20260810_v1	15E_RELEASE_SCALE_DETERMINISM_RESTART	frozen_reused_shards	143	143.0	shards	144.0	/mnt/intelssd/rnatr_project/qc/15_stage15e_determinism_restart/ENCSR307SHM_stage15c_full5312696_seed20260809_mm2splice_v1/v0.1.0/stage15e_combined_determinism_restart.qc.tsv	2026-08-10T12:30:00+00:00
ENCSR307SHM_stage15e_determinism_restart_hashseed20260810_v1	15E_RELEASE_SCALE_DETERMINISM_RESTART	frozen_validator_count	6	6.0	validators		/mnt/intelssd/rnatr_project/qc/15_stage15e_determinism_restart/ENCSR307SHM_stage15c_full5312696_seed20260809_mm2splice_v1/v0.1.0/stage15e_combined_determinism_restart.qc.tsv	2026-08-10T12:30:00+00:00
ENCSR307SHM_stage15e_determinism_restart_hashseed20260810_v1	15E_RELEASE_SCALE_DETERMINISM_RESTART	fullscale_restart_resume	PASS_SELECTIVE_CALLER_TO_FINAL_SCOPE				/mnt/intelssd/rnatr_project/qc/15_stage15e_determinism_restart/ENCSR307SHM_stage15c_full5312696_seed20260809_mm2splice_v1/v0.1.0/stage15e_combined_determinism_restart.qc.tsv	2026-08-10T12:30:00+00:00
ENCSR307SHM_stage15e_determinism_restart_hashseed20260810_v1	15E_RELEASE_SCALE_DETERMINISM_RESTART	general_repeat_calls_rows	20656258	20656258.0	rows		/mnt/intelssd/rnatr_project/qc/15_stage15e_determinism_restart/ENCSR307SHM_stage15c_full5312696_seed20260809_mm2splice_v1/v0.1.0/determinism/full_package_table_parity.tsv	2026-08-10T12:30:00+00:00
ENCSR307SHM_stage15e_determinism_restart_hashseed20260810_v1	15E_RELEASE_SCALE_DETERMINISM_RESTART	read_evidence_rows	20656258	20656258.0	rows		/mnt/intelssd/rnatr_project/qc/15_stage15e_determinism_restart/ENCSR307SHM_stage15c_full5312696_seed20260809_mm2splice_v1/v0.1.0/determinism/full_package_table_parity.tsv	2026-08-10T12:30:00+00:00
ENCSR307SHM_stage15e_determinism_restart_hashseed20260810_v1	15E_RELEASE_SCALE_DETERMINISM_RESTART	reconstruction_shards	144	144.0	shards		/mnt/intelssd/rnatr_project/qc/15_stage15e_determinism_restart/ENCSR307SHM_stage15c_full5312696_seed20260809_mm2splice_v1/v0.1.0/stage15e_combined_determinism_restart.qc.tsv	2026-08-10T12:30:00+00:00
ENCSR307SHM_stage15e_determinism_restart_hashseed20260810_v1	15E_RELEASE_SCALE_DETERMINISM_RESTART	release_scale_determinism	PASS_CHECKPOINT_BASED_RECONSTRUCTION_SCOPE				/mnt/intelssd/rnatr_project/qc/15_stage15e_determinism_restart/ENCSR307SHM_stage15c_full5312696_seed20260809_mm2splice_v1/v0.1.0/stage15e_combined_determinism_restart.qc.tsv	2026-08-10T12:30:00+00:00
ENCSR307SHM_stage15e_determinism_restart_hashseed20260810_v1	15E_RELEASE_SCALE_DETERMINISM_RESTART	repeat_events_rows	8523140	8523140.0	rows		/mnt/intelssd/rnatr_project/qc/15_stage15e_determinism_restart/ENCSR307SHM_stage15c_full5312696_seed20260809_mm2splice_v1/v0.1.0/determinism/full_package_table_parity.tsv	2026-08-10T12:30:00+00:00
ENCSR307SHM_stage15e_determinism_restart_hashseed20260810_v1	15E_RELEASE_SCALE_DETERMINISM_RESTART	repeat_interruptions_rows	43399	43399.0	rows		/mnt/intelssd/rnatr_project/qc/15_stage15e_determinism_restart/ENCSR307SHM_stage15c_full5312696_seed20260809_mm2splice_v1/v0.1.0/determinism/full_package_table_parity.tsv	2026-08-10T12:30:00+00:00
ENCSR307SHM_stage15e_determinism_restart_hashseed20260810_v1	15E_RELEASE_SCALE_DETERMINISM_RESTART	repeat_segments_rows	8573315	8573315.0	rows		/mnt/intelssd/rnatr_project/qc/15_stage15e_determinism_restart/ENCSR307SHM_stage15c_full5312696_seed20260809_mm2splice_v1/v0.1.0/determinism/full_package_table_parity.tsv	2026-08-10T12:30:00+00:00
ENCSR307SHM_stage15e_determinism_restart_hashseed20260810_v1	15E_RELEASE_SCALE_DETERMINISM_RESTART	scope	CHECKPOINT_BASED_RELEASE_SCALE_RECONSTRUCTION_NOT_UPSTREAM_BAM_PARTITION_11B_11D3_11E_RERUN				/mnt/intelssd/rnatr_project/qc/15_stage15e_determinism_restart/ENCSR307SHM_stage15c_full5312696_seed20260809_mm2splice_v1/v0.1.0/stage15e_combined_determinism_restart.qc.tsv	2026-08-10T12:30:00+00:00
ENCSR307SHM_stage15e_determinism_restart_hashseed20260810_v1	15E_RELEASE_SCALE_DETERMINISM_RESTART	second_resume_noop	PASS				/mnt/intelssd/rnatr_project/qc/15_stage15e_determinism_restart/ENCSR307SHM_stage15c_full5312696_seed20260809_mm2splice_v1/v0.1.0/noop/second_resume_noop.qc.tsv	2026-08-10T12:30:00+00:00
ENCSR307SHM_stage15e_determinism_restart_hashseed20260810_v1	15E_RELEASE_SCALE_DETERMINISM_RESTART	second_resume_scientific_commands	0	0.0	commands		/mnt/intelssd/rnatr_project/qc/15_stage15e_determinism_restart/ENCSR307SHM_stage15c_full5312696_seed20260809_mm2splice_v1/v0.1.0/noop/second_resume_noop.qc.tsv	2026-08-10T12:30:00+00:00
ENCSR307SHM_stage15e_determinism_restart_hashseed20260810_v1	15E_RELEASE_SCALE_DETERMINISM_RESTART	target_caller_called_rows	61333	61333.0	rows		/mnt/intelssd/rnatr_project/qc/15_stage15e_determinism_restart/ENCSR307SHM_stage15c_full5312696_seed20260809_mm2splice_v1/v0.1.0/determinism/target_caller_qc_stable_parity.tsv	2026-08-10T12:30:00+00:00
ENCSR307SHM_stage15e_determinism_restart_hashseed20260810_v1	15E_RELEASE_SCALE_DETERMINISM_RESTART	target_caller_input_rows	146558	146558.0	rows		/mnt/intelssd/rnatr_project/qc/15_stage15e_determinism_restart/ENCSR307SHM_stage15c_full5312696_seed20260809_mm2splice_v1/v0.1.0/determinism/target_caller_qc_stable_parity.tsv	2026-08-10T12:30:00+00:00
ENCSR307SHM_stage15e_determinism_restart_hashseed20260810_v1	15E_RELEASE_SCALE_DETERMINISM_RESTART	target_materializer_repeat_event_rows	61323	61323.0	rows		/mnt/intelssd/rnatr_project/qc/15_stage15e_determinism_restart/ENCSR307SHM_stage15c_full5312696_seed20260809_mm2splice_v1/v0.1.0/determinism/target_materializer_qc_stable_parity.tsv	2026-08-10T12:30:00+00:00
ENCSR307SHM_stage15e_determinism_restart_hashseed20260810_v1	15E_RELEASE_SCALE_DETERMINISM_RESTART	target_shard	shard_065	65.0	shard_index		/mnt/intelssd/rnatr_project/qc/15_stage15e_determinism_restart/ENCSR307SHM_stage15c_full5312696_seed20260809_mm2splice_v1/v0.1.0/stage15e_combined_determinism_restart.qc.tsv	2026-08-10T12:30:00+00:00
RNA_TR_SCOUT_STAGE16_RELEASE_ENGINEERING	16R_FRESH_END_TO_END	stage16r_final_exact_plain_table_parity	PASS_5_OF_5				/mnt/intelssd/rnatr_project/metadata/ssot/checkpoints/stage16v_stage16r_evidence_binding_v0.1.0/sha256_4445143bb1f138b39e240a9ed85c8bc0f1b31ff632db9aad781b9a44f60829ee/originals/rnatr_stage16r_fresh_public_fastq_e2e_v0.1.0.json	2026-08-17T01:57:19+00:00
RNA_TR_SCOUT_STAGE16_RELEASE_ENGINEERING	16R_FRESH_END_TO_END	stage16r_post_resume_final_parity	PASS_5_OF_5				/mnt/intelssd/rnatr_project/metadata/ssot/checkpoints/stage16v_stage16r_evidence_binding_v0.1.0/sha256_4445143bb1f138b39e240a9ed85c8bc0f1b31ff632db9aad781b9a44f60829ee/originals/rnatr_stage16r_fresh_public_fastq_e2e_v0.1.0.json	2026-08-17T01:57:19+00:00
RNA_TR_SCOUT_STAGE16_RELEASE_ENGINEERING	16R_FRESH_END_TO_END	stage16r_public_fastq_to_final_seconds	289.0072668030043				/mnt/intelssd/rnatr_project/metadata/ssot/checkpoints/stage16v_stage16r_evidence_binding_v0.1.0/sha256_4445143bb1f138b39e240a9ed85c8bc0f1b31ff632db9aad781b9a44f60829ee/originals/rnatr_stage16r_fresh_public_fastq_e2e_v0.1.0.json	2026-08-17T01:57:19+00:00
RNA_TR_SCOUT_STAGE16_RELEASE_ENGINEERING	16R_FRESH_END_TO_END	stage16r_public_resume	PASS_SECOND_RESUME_NOOP				/mnt/intelssd/rnatr_project/metadata/ssot/checkpoints/stage16v_stage16r_evidence_binding_v0.1.0/sha256_4445143bb1f138b39e240a9ed85c8bc0f1b31ff632db9aad781b9a44f60829ee/originals/rnatr_stage16r_fresh_public_fastq_e2e_v0.1.0.json	2026-08-17T01:57:19+00:00
RNA_TR_SCOUT_STAGE16_RELEASE_ENGINEERING	16R_FRESH_END_TO_END	stage16r_resource_scope	LOCAL_EXACT_OFFICIAL_GENCODE_CACHE_PLUS_LOCAL_EXACT_STAGE16L_BUNDLE;FULL_LARGE_NETWORK_DEFERRED_TO_RC				/mnt/intelssd/rnatr_project/metadata/ssot/checkpoints/stage16v_stage16r_evidence_binding_v0.1.0/sha256_4445143bb1f138b39e240a9ed85c8bc0f1b31ff632db9aad781b9a44f60829ee/originals/rnatr_stage16r_fresh_public_fastq_e2e_v0.1.0.json	2026-08-17T01:57:19+00:00
RNA_TR_SCOUT_STAGE16_RELEASE_ENGINEERING	16R_FRESH_END_TO_END	stage16r_source_head	2191352170afe284c88cccd92c192efda2465b09				/mnt/intelssd/rnatr_project/metadata/ssot/checkpoints/stage16v_stage16r_evidence_binding_v0.1.0/sha256_4445143bb1f138b39e240a9ed85c8bc0f1b31ff632db9aad781b9a44f60829ee/originals/rnatr_stage16r_fresh_public_fastq_e2e_v0.1.0.json	2026-08-17T01:57:19+00:00
RNA_TR_SCOUT_STAGE16_RELEASE_ENGINEERING	16R_FRESH_END_TO_END	stage16r_status	PASS_FRESH_MACHINE_EQUIVALENT_PUBLIC_FASTQ_TO_FINAL				/mnt/intelssd/rnatr_project/metadata/ssot/checkpoints/stage16v_stage16r_evidence_binding_v0.1.0/sha256_4445143bb1f138b39e240a9ed85c8bc0f1b31ff632db9aad781b9a44f60829ee/originals/rnatr_stage16r_fresh_public_fastq_e2e_v0.1.0.json	2026-08-17T01:57:19+00:00
RNA_TR_SCOUT_STAGE16_RELEASE_ENGINEERING	16U_SSOT_PROGRESS_CHECKPOINT	current_main_commit	be1de2ecdcaa681e3a3424486d340280001b0bf0				/mnt/intelssd/rnatr_git_stage/LOCAL_CORE_FREEZE_V0.1.0_git_snapshot_v0.1.2/docs/release/STAGE16T_USER_FACING_DOCUMENTATION_REVIEW_v0.1.0.md	2026-08-17T01:39:02+00:00
RNA_TR_SCOUT_STAGE16_RELEASE_ENGINEERING	16U_SSOT_PROGRESS_CHECKPOINT	immutable_core_freeze_root	4b1981db955a8aa92a2a01e19bbb1cfc2aa0ebfb				/mnt/intelssd/rnatr_git_stage/LOCAL_CORE_FREEZE_V0.1.0_git_snapshot_v0.1.2/config/core_runtime/v0.1.0/resource_manifest.json	2026-08-17T01:39:02+00:00
RNA_TR_SCOUT_STAGE16_RELEASE_ENGINEERING	16U_SSOT_PROGRESS_CHECKPOINT	stage16r_evidence_binding_status	PENDING				git:2191352170afe284c88cccd92c192efda2465b09	2026-08-17T01:39:02+00:00
RNA_TR_SCOUT_STAGE16_RELEASE_ENGINEERING	16U_SSOT_PROGRESS_CHECKPOINT	stage16s_cross_hardware_status	PASS_WITH_TESTED_SCOPE				/mnt/intelssd/rnatr_git_stage/LOCAL_CORE_FREEZE_V0.1.0_git_snapshot_v0.1.2/docs/release/STAGE16S_CROSS_HARDWARE_PARITY_v0.1.1.md	2026-08-17T01:39:02+00:00
RNA_TR_SCOUT_STAGE16_RELEASE_ENGINEERING	16U_SSOT_PROGRESS_CHECKPOINT	stage16t_documentation_status	PASS_OWNER_REVIEW_ACCEPTED				/mnt/intelssd/rnatr_git_stage/LOCAL_CORE_FREEZE_V0.1.0_git_snapshot_v0.1.2/docs/release/STAGE16T_USER_FACING_DOCUMENTATION_REVIEW_v0.1.0.md	2026-08-17T01:39:02+00:00
RNA_TR_SCOUT_STAGE16_RELEASE_ENGINEERING	16W_PUBLIC_CATALOG_DISTRIBUTION	stage16w_catalog_outer_sha256	54a24e4b60d920c8fec16b2df37b47e40407de42b949b18dc6233e97d85f2fef				/mnt/intelssd/rnatr_project/metadata/ssot/checkpoints/stage16y_stage16wx_registration_v0.1.0/sha256_75f9cc560c22adb236902324d2d4771f7a1a6fee439cedf747a9cfb163fffd09/originals/stage16w_public_catalog_publish.result.json	2026-08-17T03:02:53+00:00
RNA_TR_SCOUT_STAGE16_RELEASE_ENGINEERING	16W_PUBLIC_CATALOG_DISTRIBUTION	stage16w_release_tag	catalog-grch38-v0.1.0				/mnt/intelssd/rnatr_project/metadata/ssot/checkpoints/stage16y_stage16wx_registration_v0.1.0/sha256_75f9cc560c22adb236902324d2d4771f7a1a6fee439cedf747a9cfb163fffd09/originals/stage16w_public_catalog_publish.result.json	2026-08-17T03:02:53+00:00
RNA_TR_SCOUT_STAGE16_RELEASE_ENGINEERING	16W_PUBLIC_CATALOG_DISTRIBUTION	stage16w_resource_repository	Ryo-Miyamo/RNA-TR-Scout-resources				/mnt/intelssd/rnatr_project/metadata/ssot/checkpoints/stage16y_stage16wx_registration_v0.1.0/sha256_75f9cc560c22adb236902324d2d4771f7a1a6fee439cedf747a9cfb163fffd09/originals/stage16w_public_catalog_publish.result.json	2026-08-17T03:02:53+00:00
RNA_TR_SCOUT_STAGE16_RELEASE_ENGINEERING	16W_PUBLIC_CATALOG_DISTRIBUTION	stage16w_status	PASS_PUBLIC_RELEASE_ASSET_UNAUTHENTICATED_EXACT_SHA				/mnt/intelssd/rnatr_project/metadata/ssot/checkpoints/stage16y_stage16wx_registration_v0.1.0/sha256_75f9cc560c22adb236902324d2d4771f7a1a6fee439cedf747a9cfb163fffd09/originals/stage16w_public_catalog_publish.result.json	2026-08-17T03:02:53+00:00
RNA_TR_SCOUT_STAGE16_RELEASE_ENGINEERING	16X_FULL_NETWORK_FRESH_INSTALL	stage16x_final_exact_plain_table_parity	PASS_5_OF_5				/mnt/intelssd/rnatr_project/metadata/ssot/checkpoints/stage16y_stage16wx_registration_v0.1.0/sha256_75f9cc560c22adb236902324d2d4771f7a1a6fee439cedf747a9cfb163fffd09/originals/rnatr_stage16x_full_network_fresh_install_result_v0.1.2.json	2026-08-17T03:02:53+00:00
RNA_TR_SCOUT_STAGE16_RELEASE_ENGINEERING	16X_FULL_NETWORK_FRESH_INSTALL	stage16x_network_catalog_download	PASS_PUBLIC_RELEASE_ASSET_EXACT				/mnt/intelssd/rnatr_project/metadata/ssot/checkpoints/stage16y_stage16wx_registration_v0.1.0/sha256_75f9cc560c22adb236902324d2d4771f7a1a6fee439cedf747a9cfb163fffd09/originals/rnatr_stage16x_full_network_fresh_install_result_v0.1.2.json	2026-08-17T03:02:53+00:00
RNA_TR_SCOUT_STAGE16_RELEASE_ENGINEERING	16X_FULL_NETWORK_FRESH_INSTALL	stage16x_network_reference_downloads	PASS_2_OF_2_EXACT				/mnt/intelssd/rnatr_project/metadata/ssot/checkpoints/stage16y_stage16wx_registration_v0.1.0/sha256_75f9cc560c22adb236902324d2d4771f7a1a6fee439cedf747a9cfb163fffd09/originals/rnatr_stage16x_full_network_fresh_install_result_v0.1.2.json	2026-08-17T03:02:53+00:00
RNA_TR_SCOUT_STAGE16_RELEASE_ENGINEERING	16X_FULL_NETWORK_FRESH_INSTALL	stage16x_public_fastq_to_final_seconds	281				/mnt/intelssd/rnatr_project/metadata/ssot/checkpoints/stage16y_stage16wx_registration_v0.1.0/sha256_75f9cc560c22adb236902324d2d4771f7a1a6fee439cedf747a9cfb163fffd09/originals/rnatr_stage16x_full_network_fresh_install_result_v0.1.2.json	2026-08-17T03:02:53+00:00
RNA_TR_SCOUT_STAGE16_RELEASE_ENGINEERING	16X_FULL_NETWORK_FRESH_INSTALL	stage16x_public_resume	PASS_SECOND_RESUME_NOOP				/mnt/intelssd/rnatr_project/metadata/ssot/checkpoints/stage16y_stage16wx_registration_v0.1.0/sha256_75f9cc560c22adb236902324d2d4771f7a1a6fee439cedf747a9cfb163fffd09/originals/rnatr_stage16x_full_network_fresh_install_result_v0.1.2.json	2026-08-17T03:02:53+00:00
RNA_TR_SCOUT_STAGE16_RELEASE_ENGINEERING	16X_FULL_NETWORK_FRESH_INSTALL	stage16x_source_commit	24ccb15e01921f05465f8bddb59f743d1ef4cc6f				/mnt/intelssd/rnatr_project/metadata/ssot/checkpoints/stage16y_stage16wx_registration_v0.1.0/sha256_75f9cc560c22adb236902324d2d4771f7a1a6fee439cedf747a9cfb163fffd09/originals/rnatr_stage16x_full_network_fresh_install_result_v0.1.2.json	2026-08-17T03:02:53+00:00
RNA_TR_SCOUT_STAGE16_RELEASE_ENGINEERING	16X_FULL_NETWORK_FRESH_INSTALL	stage16x_status	PASS_FULL_NETWORK_FRESH_INSTALL_PUBLIC_FASTQ_TO_FINAL				/mnt/intelssd/rnatr_project/metadata/ssot/checkpoints/stage16y_stage16wx_registration_v0.1.0/sha256_75f9cc560c22adb236902324d2d4771f7a1a6fee439cedf747a9cfb163fffd09/originals/rnatr_stage16x_full_network_fresh_install_result_v0.1.2.json	2026-08-17T03:02:53+00:00
ENCSR307SHM_stage15a250k_seed20260808_mm2splice_v1	ARCHITECTURE_CONSISTENCY_AUDIT	architecture_audit_status	REVIEW				/mnt/intelssd/rnatr_project/qc/15_architecture_consistency_audit/ENCSR307SHM_stage15a250k_seed20260808_mm2splice_v1/post_250k_v0.1.1/architecture_consistency_audit.qc.tsv	2026-08-12T12:00:33+00:00
ENCSR307SHM_stage15a250k_seed20260808_mm2splice_v1	ARCHITECTURE_CONSISTENCY_AUDIT	blocking_conflicts	0	0.0			/mnt/intelssd/rnatr_project/qc/15_architecture_consistency_audit/ENCSR307SHM_stage15a250k_seed20260808_mm2splice_v1/post_250k_v0.1.1/architecture_consistency_audit.qc.tsv	2026-08-12T12:00:33+00:00
ENCSR307SHM_stage15a250k_seed20260808_mm2splice_v1	ARCHITECTURE_CONSISTENCY_AUDIT	open_items	2	2.0			/mnt/intelssd/rnatr_project/qc/15_architecture_consistency_audit/ENCSR307SHM_stage15a250k_seed20260808_mm2splice_v1/post_250k_v0.1.1/architecture_consistency_audit.qc.tsv	2026-08-12T12:00:33+00:00
ENCSR307SHM_stage15a250k_seed20260808_mm2splice_v1	ARCHITECTURE_CONSISTENCY_AUDIT	replacement_checkpoint_logical_reproducibility	1	1.0			/mnt/intelssd/rnatr_project/qc/15_architecture_consistency_audit/ENCSR307SHM_stage15a250k_seed20260808_mm2splice_v1/post_250k_v0.1.1/architecture_consistency_audit.qc.tsv	2026-08-12T12:00:33+00:00
ENCSR307SHM_stage15a250k_seed20260808_mm2splice_v1	ARCHITECTURE_CONSISTENCY_AUDIT	review_items	3	3.0			/mnt/intelssd/rnatr_project/qc/15_architecture_consistency_audit/ENCSR307SHM_stage15a250k_seed20260808_mm2splice_v1/post_250k_v0.1.1/architecture_consistency_audit.qc.tsv	2026-08-12T12:00:33+00:00
ENCSR307SHM_pilot100k_mm2splice_v1	P01_BACKBONE	exact_span_events	23867	23867.0			/mnt/intelssd/rnatr_project/metadata/build_tracker/checkpoints/20260803_182703_step11_rna_repeat_pilot/step11_checkpoint.md	2026-08-12T12:00:33+00:00
ENCSR307SHM_pilot100k_mm2splice_v1	P01_BACKBONE	exact_span_loci	11042	11042.0			/mnt/intelssd/rnatr_project/results/11_p01_event_to_locus_backbone/ENCSR307SHM_pilot100k_mm2splice_v1	2026-08-12T12:00:33+00:00
	SSOT_INGEST	artifact_manifests_ingested	1932	1932.0			/mnt/intelssd/rnatr_project	2026-08-12T12:00:33+00:00
	SSOT_INGEST	checkpoint_files_indexed	25	25.0			/mnt/intelssd/rnatr_project/metadata/build_tracker/checkpoints	2026-08-12T12:00:33+00:00
	SSOT_INGEST	manifest_artifact_rows_ingested	18535	18535.0			/mnt/intelssd/rnatr_project	2026-08-12T12:00:33+00:00
	SSOT_INGEST	qc_metric_rows_ingested	12565	12565.0			/mnt/intelssd/rnatr_project/qc	2026-08-12T12:00:30+00:00
