run_id	stage_key	implementation_id	attempt_tag	status	qc_path	qc_status	started_at	ended_at	notes
ENCSR307SHM	15_stage15c_fullscale_preflight		77539f0c4cda0e9b	PASS	/mnt/intelssd/rnatr_project/qc/15_stage15c_fullscale_preflight/ENCSR307SHM/v0.1.0/stage15c_fullscale_preflight.qc.tsv	PASS		2026-08-09T11:40:07+00:00	Auto-ingested from QC/metric TSV.
ENCSR307SHM	ENCSR307SHM		c8f31fedc982512f	OBSERVED	/mnt/intelssd/rnatr_project/qc/ENCSR307SHM/ENCFF260PGB.pilot100k_acceptance.tsv			2026-08-03T02:08:24+00:00	Auto-ingested from QC/metric TSV.
ENCSR307SHM_full5312696_mm2splice_v1	11_mapping		1ae0ebfe7460b9e2	OBSERVED	/mnt/intelssd/rnatr_project/qc/11_mapping/ENCSR307SHM_full5312696_mm2splice_v1/ENCSR307SHM_full5312696_mm2splice_v1.read_id_parity.tsv			2026-08-09T09:09:46+00:00	Auto-ingested from QC/metric TSV.
ENCSR307SHM_full5312696_mm2splice_v1	15C_FULL_MAPPING	impl_stage15c_full_mapping_v0_1_0	v0.1.0	PASS	/mnt/intelssd/rnatr_project/qc/11_mapping/ENCSR307SHM_full5312696_mm2splice_v1/ENCSR307SHM_full5312696_mm2splice_v1.mapping_qc.tsv	PASS			Full mapping and read-ID parity PASS.
ENCSR307SHM_pilot100k_mm2splice_v1	11_anchor_block_validation		4be430c4d76d949c	PASS	/mnt/intelssd/rnatr_project/qc/11_anchor_block_validation/ENCSR307SHM_pilot100k_mm2splice_v1/anchor_block_validation.qc.tsv	PASS		2026-08-03T13:23:16+00:00	Auto-ingested from QC/metric TSV.
ENCSR307SHM_pilot100k_mm2splice_v1	11_aou_stat_semantics_rna_length_comparison		14eee308252a9a3a	PASS	/mnt/intelssd/rnatr_project/qc/11_aou_stat_semantics_rna_length_comparison/ENCSR307SHM_pilot100k_mm2splice_v1/rnatr_aou_stat_semantics_rna_length_comparison_v0.1.1/sha256_596bb9f62a0ea1cf1c58aeba5d0dac4117d6f1174348c94bd6225b2da604458c/aou_stat_semantics_rna_length_comparison.qc.tsv	PASS		2026-08-06T00:36:29+00:00	Auto-ingested from QC/metric TSV.
ENCSR307SHM_pilot100k_mm2splice_v1	11_assignment		95e40f34e7c19e9c	PASS	/mnt/intelssd/rnatr_project/qc/11_assignment/ENCSR307SHM_pilot100k_mm2splice_v1/target_assignment_qc.tsv	PASS		2026-08-03T05:57:05+00:00	Auto-ingested from QC/metric TSV.
ENCSR307SHM_pilot100k_mm2splice_v1	11_bulk_longread_population_reference_acquisition		73c8c365fc9bd26a	PASS	/mnt/intelssd/rnatr_project/qc/11_bulk_longread_population_reference_acquisition/ENCSR307SHM_pilot100k_mm2splice_v1/rnatr_bulk_longread_population_reference_acquisition_v0.1.1/20260805T132615Z_3bcb8fa068ec/bulk_longread_population_reference_acquisition.qc.tsv	PASS		2026-08-05T15:22:37+00:00	Auto-ingested from QC/metric TSV.
ENCSR307SHM_pilot100k_mm2splice_v1	11_bulk_longread_reference_crosswalk_coverage		e9b691065dab8ac9	PASS	/mnt/intelssd/rnatr_project/qc/11_bulk_longread_reference_crosswalk_coverage/ENCSR307SHM_pilot100k_mm2splice_v1/rnatr_bulk_longread_reference_crosswalk_coverage_v0.1.0/sha256_4ac07dda0d9c2e5ab4f76ba0ef59e919a34be9bb501929ecd6b6709f59808b54/bulk_longread_reference_crosswalk_coverage.qc.tsv	PASS		2026-08-05T16:53:32+00:00	Auto-ingested from QC/metric TSV.
ENCSR307SHM_pilot100k_mm2splice_v1	11_candidates		0ab608c9ee383922	PASS	/mnt/intelssd/rnatr_project/qc/11_candidates/ENCSR307SHM_pilot100k_mm2splice_v1/candidate_materialization_qc.tsv	PASS		2026-08-03T06:02:31+00:00	Auto-ingested from QC/metric TSV.
ENCSR307SHM_pilot100k_mm2splice_v1	11_contract_integrity_audit		2ea66e53b19bc215	PASS	/mnt/intelssd/rnatr_project/qc/11_contract_integrity_audit/ENCSR307SHM_pilot100k_mm2splice_v1/contract_integrity_audit.qc.tsv	PASS		2026-08-03T16:18:28+00:00	Auto-ingested from QC/metric TSV.
ENCSR307SHM_pilot100k_mm2splice_v1	11_equalized_100k_mapping		7acf2cb4c14de686	PASS	/mnt/intelssd/rnatr_project/qc/11_equalized_100k_mapping/ENCSR307SHM_pilot100k_mm2splice_v1/rnatr_equalized_100k_mm2splice_mapping_v0.1.1/equalized_100k_mapping.qc.tsv	PASS		2026-08-06T08:35:46+00:00	Auto-ingested from QC/metric TSV.
ENCSR307SHM_pilot100k_mm2splice_v1	11_equalized_100k_read_pilot_builder		1571a2c406c9fafb	PASS	/mnt/intelssd/rnatr_project/qc/11_equalized_100k_read_pilot_builder/ENCSR307SHM_pilot100k_mm2splice_v1/rnatr_equalized_100k_read_pilot_builder_v0.1.0/20260806T081318Z/equalized_100k_read_pilot_builder.qc.tsv	PASS		2026-08-06T08:13:43+00:00	Auto-ingested from QC/metric TSV.
ENCSR307SHM_pilot100k_mm2splice_v1	11_exact_events		cc41014cb3b4619d	PASS	/mnt/intelssd/rnatr_project/qc/11_exact_events/ENCSR307SHM_pilot100k_mm2splice_v1/exact_repeat_event_model_qc.tsv	PASS		2026-08-03T10:28:54+00:00	Auto-ingested from QC/metric TSV.
ENCSR307SHM_pilot100k_mm2splice_v1	11_exact_producer_script_discovery		c04977e93fbb30a1	PASS	/mnt/intelssd/rnatr_project/qc/11_exact_producer_script_discovery/ENCSR307SHM_pilot100k_mm2splice_v1/rnatr_exact_producer_script_discovery_v0.1.0/exact_producer_script_discovery.qc.tsv	PASS		2026-08-06T09:43:14+00:00	Auto-ingested from QC/metric TSV.
ENCSR307SHM_pilot100k_mm2splice_v1	11_extreme_nonexact		00eb312c020458a1	PASS	/mnt/intelssd/rnatr_project/qc/11_extreme_nonexact/ENCSR307SHM_pilot100k_mm2splice_v1/p2_nonexact_tracts_ge1000bp.qc.tsv	PASS		2026-08-03T10:41:19+00:00	Auto-ingested from QC/metric TSV.
ENCSR307SHM_pilot100k_mm2splice_v1	11_extreme_nonexact_events		a0e09a5440094158	PASS	/mnt/intelssd/rnatr_project/qc/11_extreme_nonexact_events/ENCSR307SHM_pilot100k_mm2splice_v1/extreme_nonexact_event_triage.qc.tsv	PASS		2026-08-03T11:40:44+00:00	Auto-ingested from QC/metric TSV.
ENCSR307SHM_pilot100k_mm2splice_v1	11_extreme_nonexact_refined		2fd7e55c562ff853	PASS	/mnt/intelssd/rnatr_project/qc/11_extreme_nonexact_refined/ENCSR307SHM_pilot100k_mm2splice_v1/extreme_nonexact_refined_triage.qc.tsv	PASS		2026-08-03T11:48:09+00:00	Auto-ingested from QC/metric TSV.
ENCSR307SHM_pilot100k_mm2splice_v1	11_flank_rescue		536e01297100b25f	PASS	/mnt/intelssd/rnatr_project/qc/11_flank_rescue/ENCSR307SHM_pilot100k_mm2splice_v1/reference_compatible_event_flank_rescue.qc.tsv	PASS		2026-08-03T12:18:35+00:00	Auto-ingested from QC/metric TSV.
ENCSR307SHM_pilot100k_mm2splice_v1	11_frozen_pilot_replay_contract_discovery		ea5e94a08ebfa388	PASS	/mnt/intelssd/rnatr_project/qc/11_frozen_pilot_replay_contract_discovery/ENCSR307SHM_pilot100k_mm2splice_v1/rnatr_frozen_pilot_replay_contract_discovery_v0.1.1/frozen_pilot_replay_contract_discovery.qc.tsv	PASS		2026-08-06T08:55:12+00:00	Auto-ingested from QC/metric TSV.
ENCSR307SHM_pilot100k_mm2splice_v1	11_frozen_pilot_replay_contract_resolution		18288f68d60d93c9	PASS	/mnt/intelssd/rnatr_project/qc/11_frozen_pilot_replay_contract_resolution/ENCSR307SHM_pilot100k_mm2splice_v1/rnatr_frozen_pilot_replay_contract_resolution_v0.1.0/frozen_pilot_replay_contract_resolution.qc.tsv	PASS		2026-08-06T09:40:19+00:00	Auto-ingested from QC/metric TSV.
ENCSR307SHM_pilot100k_mm2splice_v1	11_full_read_block_geometry		4b9ee85895763cb1	PASS	/mnt/intelssd/rnatr_project/qc/11_full_read_block_geometry/ENCSR307SHM_pilot100k_mm2splice_v1/full_read_block_geometry.qc.tsv	PASS		2026-08-03T13:16:46+00:00	Auto-ingested from QC/metric TSV.
ENCSR307SHM_pilot100k_mm2splice_v1	11_mapping		5c50dbf1f30a743e	OBSERVED	/mnt/intelssd/rnatr_project/qc/11_mapping/ENCSR307SHM_pilot100k_mm2splice_v1/ENCSR307SHM_pilot100k_mm2splice_v1.runtime.tsv			2026-08-03T05:46:49+00:00	Auto-ingested from QC/metric TSV.
ENCSR307SHM_pilot100k_mm2splice_v1	11_matched_ont_cdna_control_discovery		6185d643cb977481	PASS	/mnt/intelssd/rnatr_project/qc/11_matched_ont_cdna_control_discovery/ENCSR307SHM_pilot100k_mm2splice_v1/rnatr_matched_ont_cdna_control_discovery_v0.1.2/20260806T033018Z/matched_ont_cdna_control_discovery.qc.tsv	PASS		2026-08-06T03:33:59+00:00	Auto-ingested from QC/metric TSV.
ENCSR307SHM_pilot100k_mm2splice_v1	11_motif_jobs		e3b848b34f3085da	PASS	/mnt/intelssd/rnatr_project/qc/11_motif_jobs/ENCSR307SHM_pilot100k_mm2splice_v1/motif_job_preparation_qc.tsv	PASS		2026-08-03T06:24:06+00:00	Auto-ingested from QC/metric TSV.
ENCSR307SHM_pilot100k_mm2splice_v1	11_observed_reference_alignment		38ccb2a92119f10e	PASS	/mnt/intelssd/rnatr_project/qc/11_observed_reference_alignment/ENCSR307SHM_pilot100k_mm2splice_v1/observed_to_reference_locus.qc.tsv	PASS		2026-08-03T12:07:41+00:00	Auto-ingested from QC/metric TSV.
ENCSR307SHM_pilot100k_mm2splice_v1	11_ont_cdna_calibration_panel_resolution		5a6823349b6786c7	PASS	/mnt/intelssd/rnatr_project/qc/11_ont_cdna_calibration_panel_resolution/ENCSR307SHM_pilot100k_mm2splice_v1/rnatr_ont_cdna_calibration_panel_resolution_v0.1.0/20260806T035556Z/ont_cdna_calibration_panel_resolution.qc.tsv	PASS		2026-08-06T03:56:18+00:00	Auto-ingested from QC/metric TSV.
ENCSR307SHM_pilot100k_mm2splice_v1	11_p01_cdna_molecule_signatures		cbd0723ce839dd43	PASS	/mnt/intelssd/rnatr_project/qc/11_p01_cdna_molecule_signatures/ENCSR307SHM_pilot100k_mm2splice_v1/rnatr_p01_cdna_molecule_signatures_v0.1.2/p01_cdna_molecule_signatures.qc.tsv	PASS		2026-08-04T10:54:00+00:00	Auto-ingested from QC/metric TSV.
ENCSR307SHM_pilot100k_mm2splice_v1	11_p01_cdna_molecule_similarity_calibration		e5e9cb146d570164	HOLD	/mnt/intelssd/rnatr_project/qc/11_p01_cdna_molecule_similarity_calibration/ENCSR307SHM_pilot100k_mm2splice_v1/rnatr_p01_cdna_molecule_similarity_benchmark100_v0.1.0/p01_cdna_molecule_similarity_benchmark100.qc.tsv	HOLD		2026-08-04T11:03:21+00:00	Auto-ingested from QC/metric TSV.
ENCSR307SHM_pilot100k_mm2splice_v1	11_p01_event_to_locus_backbone		2d0ca6e3c8093163	HOLD	/mnt/intelssd/rnatr_project/qc/11_p01_event_to_locus_backbone/ENCSR307SHM_pilot100k_mm2splice_v1/rnatr_p01_event_to_locus_backbone_v0.1.0/p01_event_to_locus_backbone.qc.tsv	HOLD		2026-08-04T09:47:33+00:00	Auto-ingested from QC/metric TSV.
ENCSR307SHM_pilot100k_mm2splice_v1	11_p01_exact_span_duplicate_audit		91f6974f72cf7bf5	HOLD	/mnt/intelssd/rnatr_project/qc/11_p01_exact_span_duplicate_audit/ENCSR307SHM_pilot100k_mm2splice_v1/rnatr_p01_exact_span_duplicate_audit_v0.1.0/p01_exact_span_duplicate_structure.qc.tsv	HOLD		2026-08-04T09:04:56+00:00	Auto-ingested from QC/metric TSV.
ENCSR307SHM_pilot100k_mm2splice_v1	11_p01_multisource_context_precontrol_review		feb702c9f8f5f601	HOLD	/mnt/intelssd/rnatr_project/qc/11_p01_multisource_context_precontrol_review/ENCSR307SHM_pilot100k_mm2splice_v1/rnatr_p01_multisource_context_precontrol_review_v0.1.0/p01_multisource_context_precontrol_review.qc.tsv	HOLD		2026-08-05T04:27:09+00:00	Auto-ingested from QC/metric TSV.
ENCSR307SHM_pilot100k_mm2splice_v1	11_p01_repeatcatalogs_1kg_population_comparison		13e9495eaf918554	HOLD	/mnt/intelssd/rnatr_project/qc/11_p01_repeatcatalogs_1kg_population_comparison/ENCSR307SHM_pilot100k_mm2splice_v1/rnatr_p01_repeatcatalogs_1kg_population_comparison_v0.1.1/p01_repeatcatalogs_1kg_population_comparison.qc.tsv	HOLD		2026-08-05T01:59:36+00:00	Auto-ingested from QC/metric TSV.
ENCSR307SHM_pilot100k_mm2splice_v1	11_p01_single_read_1kg_max_exceedance_audit		de84dafbe522655e	HOLD	/mnt/intelssd/rnatr_project/qc/11_p01_single_read_1kg_max_exceedance_audit/ENCSR307SHM_pilot100k_mm2splice_v1/rnatr_p01_single_read_1kg_max_exceedance_audit_v0.1.0/p01_single_read_1kg_max_exceedance_audit.qc.tsv	HOLD		2026-08-05T02:51:13+00:00	Auto-ingested from QC/metric TSV.
ENCSR307SHM_pilot100k_mm2splice_v1	11_p1_p2_reconciliation		3060d5c21b0040fe	PASS	/mnt/intelssd/rnatr_project/qc/11_p1_p2_reconciliation/ENCSR307SHM_pilot100k_mm2splice_v1/p1_p2_reconciliation_qc.tsv	PASS		2026-08-03T09:38:58+00:00	Auto-ingested from QC/metric TSV.
ENCSR307SHM_pilot100k_mm2splice_v1	11_p2_periodic		15a9bd9586d676f9	PASS	/mnt/intelssd/rnatr_project/qc/11_p2_periodic/ENCSR307SHM_pilot100k_mm2splice_v1/p2_alternate_exact_simple_periodic_qc.tsv	PASS		2026-08-03T09:23:00+00:00	Auto-ingested from QC/metric TSV.
ENCSR307SHM_pilot100k_mm2splice_v1	11_p2_relationship		c96137b7cf020a83	PASS	/mnt/intelssd/rnatr_project/qc/11_p2_relationship/ENCSR307SHM_pilot100k_mm2splice_v1/p2_exact_span_relationship_qc.tsv	PASS		2026-08-03T09:46:57+00:00	Auto-ingested from QC/metric TSV.
ENCSR307SHM_pilot100k_mm2splice_v1	11_p3_anchor_constrained		2be545e82e91e110	PASS	/mnt/intelssd/rnatr_project/qc/11_p3_anchor_constrained/ENCSR307SHM_pilot100k_mm2splice_v1/p3_anchor_constrained_local_competition.qc.tsv	PASS		2026-08-03T15:27:58+00:00	Auto-ingested from QC/metric TSV.
ENCSR307SHM_pilot100k_mm2splice_v1	11_p3_batch_benchmark100		cb11c493796e538c	PASS	/mnt/intelssd/rnatr_project/qc/11_p3_batch_benchmark100/ENCSR307SHM_pilot100k_mm2splice_v1/rnatr_p3_batch_plan_v0.1_seed20260804/rnatr_p3_benchmark100_matrix_v0.1.1/p3_benchmark100.matrix.qc.tsv	PASS		2026-08-04T03:29:49+00:00	Auto-ingested from QC/metric TSV.
ENCSR307SHM_pilot100k_mm2splice_v1	11_p3_batch_benchmark1000		4e291363e7949746	PASS	/mnt/intelssd/rnatr_project/qc/11_p3_batch_benchmark1000/ENCSR307SHM_pilot100k_mm2splice_v1/rnatr_p3_batch_plan_v0.1_seed20260804/rnatr_p3_benchmark1000_matrix_v0.1.1/p3_benchmark1000.nested100_parity.qc.tsv	PASS		2026-08-04T04:40:09+00:00	Auto-ingested from QC/metric TSV.
ENCSR307SHM_pilot100k_mm2splice_v1	11_p3_batch_benchmark1000_guardrail_audit		ef3a244cc3c5b08c	REVIEW	/mnt/intelssd/rnatr_project/qc/11_p3_batch_benchmark1000_guardrail_audit/ENCSR307SHM_pilot100k_mm2splice_v1/rnatr_p3_batch_plan_v0.1_seed20260804/rnatr_p3_benchmark1000_guardrail_audit_v0.1.0/p3_benchmark1000.guardrail_audit.qc.tsv	REVIEW		2026-08-04T04:34:51+00:00	Auto-ingested from QC/metric TSV.
ENCSR307SHM_pilot100k_mm2splice_v1	11_p3_batch_benchmark1000_multievent		813cb1fadad63dba	PASS	/mnt/intelssd/rnatr_project/qc/11_p3_batch_benchmark1000_multievent/ENCSR307SHM_pilot100k_mm2splice_v1/rnatr_p3_batch_plan_v0.1_seed20260804/rnatr_p3_benchmark1000_multievent_v0.1.0/p3_benchmark1000.multievent.final.qc.tsv	PASS		2026-08-04T04:46:59+00:00	Auto-ingested from QC/metric TSV.
ENCSR307SHM_pilot100k_mm2splice_v1	11_p3_batch_benchmark100_multievent		e6cdd3da9160fd96	PASS	/mnt/intelssd/rnatr_project/qc/11_p3_batch_benchmark100_multievent/ENCSR307SHM_pilot100k_mm2splice_v1/rnatr_p3_batch_plan_v0.1_seed20260804/rnatr_p3_multievent_v0.1.2/p3_benchmark100.multievent.final.qc.tsv	PASS		2026-08-04T04:13:32+00:00	Auto-ingested from QC/metric TSV.
ENCSR307SHM_pilot100k_mm2splice_v1	11_p3_batch_full38424		1f8dac8733ea4b36	OBSERVED	/mnt/intelssd/rnatr_project/qc/11_p3_batch_full38424/ENCSR307SHM_pilot100k_mm2splice_v1/rnatr_p3_batch_plan_v0.1_seed20260804/rnatr_p3_full38424_run_v0.1.1/p3_full38424.execution.metrics.tsv			2026-08-04T05:12:47+00:00	Auto-ingested from QC/metric TSV.
ENCSR307SHM_pilot100k_mm2splice_v1	11_p3_batch_full38424_biological_review		3c074f3404d68c3d	PASS	/mnt/intelssd/rnatr_project/qc/11_p3_batch_full38424_biological_review/ENCSR307SHM_pilot100k_mm2splice_v1/rnatr_p3_batch_plan_v0.1_seed20260804/rnatr_p3_full38424_biological_review_v0.1.1/p3_full38424.biological_review.signoff.qc.tsv	PASS		2026-08-04T05:49:37+00:00	Auto-ingested from QC/metric TSV.
ENCSR307SHM_pilot100k_mm2splice_v1	11_p3_batch_full38424_finalization		d875b70d987a3a19	HOLD	/mnt/intelssd/rnatr_project/qc/11_p3_batch_full38424_finalization/ENCSR307SHM_pilot100k_mm2splice_v1/rnatr_p3_batch_plan_v0.1_seed20260804/rnatr_p3_full38424_finalization_v0.1.3/p3_full38424.finalization.qc.tsv	HOLD		2026-08-04T05:37:11+00:00	Auto-ingested from QC/metric TSV.
ENCSR307SHM_pilot100k_mm2splice_v1	11_p3_batch_plan		a6852da97baef381	PASS	/mnt/intelssd/rnatr_project/qc/11_p3_batch_plan/ENCSR307SHM_pilot100k_mm2splice_v1/rnatr_p3_batch_plan_v0.1_seed20260804/p3_batch_plan.qc.tsv	PASS		2026-08-04T02:09:05+00:00	Auto-ingested from QC/metric TSV.
ENCSR307SHM_pilot100k_mm2splice_v1	11_p3_batch_plan_benchmark1000		326c72fcb56a5c97	PASS	/mnt/intelssd/rnatr_project/qc/11_p3_batch_plan_benchmark1000/ENCSR307SHM_pilot100k_mm2splice_v1/rnatr_p3_batch_plan_v0.1_seed20260804/rnatr_p3_benchmark1000_inputs_v0.1.0/p3_benchmark1000.input_preparation.final.qc.tsv	PASS		2026-08-04T04:24:09+00:00	Auto-ingested from QC/metric TSV.
ENCSR307SHM_pilot100k_mm2splice_v1	11_p3_batch_plan_full38424		8b41d2c249dd1917	PASS	/mnt/intelssd/rnatr_project/qc/11_p3_batch_plan_full38424/ENCSR307SHM_pilot100k_mm2splice_v1/rnatr_p3_batch_plan_v0.1_seed20260804/rnatr_p3_full38424_inputs_v0.1.0/p3_full38424.input_preparation.final.qc.tsv	PASS		2026-08-04T05:00:48+00:00	Auto-ingested from QC/metric TSV.
ENCSR307SHM_pilot100k_mm2splice_v1	11_p3_bridge_feasibility		2b358e6e48578ad4	PASS	/mnt/intelssd/rnatr_project/qc/11_p3_bridge_feasibility/ENCSR307SHM_pilot100k_mm2splice_v1/p3_bridge_feasibility.qc.tsv	PASS		2026-08-03T14:57:29+00:00	Auto-ingested from QC/metric TSV.
ENCSR307SHM_pilot100k_mm2splice_v1	11_p3_bridge_specificity		1b0d1e19a1334d87	PASS	/mnt/intelssd/rnatr_project/qc/11_p3_bridge_specificity/ENCSR307SHM_pilot100k_mm2splice_v1/p3_bridge_sequence_specificity.qc.tsv	PASS		2026-08-03T15:07:06+00:00	Auto-ingested from QC/metric TSV.
ENCSR307SHM_pilot100k_mm2splice_v1	11_p3_catalog_local_competition		1e435757b8cd4d1f	PASS	/mnt/intelssd/rnatr_project/qc/11_p3_catalog_local_competition/ENCSR307SHM_pilot100k_mm2splice_v1/p3_catalog_complete_local_competition.qc.tsv	PASS		2026-08-03T15:35:50+00:00	Auto-ingested from QC/metric TSV.
ENCSR307SHM_pilot100k_mm2splice_v1	11_p3_evidence_materialization		ca24892d1ce218a3	PASS	/mnt/intelssd/rnatr_project/qc/11_p3_evidence_materialization/ENCSR307SHM_pilot100k_mm2splice_v1/rnatr_p3_batch_plan_v0.1_seed20260804/rnatr_p3_signed_evidence_materialization_v0.1.2/p3_signed_evidence.materialization.qc.tsv	PASS		2026-08-04T06:17:58+00:00	Auto-ingested from QC/metric TSV.
ENCSR307SHM_pilot100k_mm2splice_v1	11_p3_evidence_materialization_contract_audit		c7019f3e2689435e	PASS	/mnt/intelssd/rnatr_project/qc/11_p3_evidence_materialization_contract_audit/ENCSR307SHM_pilot100k_mm2splice_v1/rnatr_p3_batch_plan_v0.1_seed20260804/rnatr_p3_evidence_materialization_contract_audit_v0.1.0/p3_evidence_materialization.contract_audit.qc.tsv	PASS		2026-08-04T05:55:49+00:00	Auto-ingested from QC/metric TSV.
ENCSR307SHM_pilot100k_mm2splice_v1	11_p3_integration_contract		ec0f481d1e3214aa	REVIEW	/mnt/intelssd/rnatr_project/qc/11_p3_integration_contract/ENCSR307SHM_pilot100k_mm2splice_v1/p3_integration_contract.qc.tsv	REVIEW		2026-08-03T16:14:24+00:00	Auto-ingested from QC/metric TSV.
ENCSR307SHM_pilot100k_mm2splice_v1	11_p3_integration_inventory		b2eb7f30efd8bd4b	PASS	/mnt/intelssd/rnatr_project/qc/11_p3_integration_inventory/ENCSR307SHM_pilot100k_mm2splice_v1/p3_integration_inventory.qc.tsv	PASS		2026-08-03T16:10:15+00:00	Auto-ingested from QC/metric TSV.
ENCSR307SHM_pilot100k_mm2splice_v1	11_p3_inventory		8cfcfe80bb282889	PASS	/mnt/intelssd/rnatr_project/qc/11_p3_inventory/ENCSR307SHM_pilot100k_mm2splice_v1/p3_proximal_inventory.qc.tsv	PASS		2026-08-03T14:31:47+00:00	Auto-ingested from QC/metric TSV.
ENCSR307SHM_pilot100k_mm2splice_v1	11_p3_isolated_pair_validation		0f368e0c23567dac	PASS	/mnt/intelssd/rnatr_project/qc/11_p3_isolated_pair_validation/ENCSR307SHM_pilot100k_mm2splice_v1/p3_isolated_pair_validation.qc.tsv	PASS		2026-08-03T15:00:29+00:00	Auto-ingested from QC/metric TSV.
ENCSR307SHM_pilot100k_mm2splice_v1	11_p3_orientation_audit		c18737622ca5fe31	PASS	/mnt/intelssd/rnatr_project/qc/11_p3_orientation_audit/ENCSR307SHM_pilot100k_mm2splice_v1/p3_orientation_normalization_audit.qc.tsv	PASS		2026-08-03T16:04:12+00:00	Auto-ingested from QC/metric TSV.
ENCSR307SHM_pilot100k_mm2splice_v1	11_p3_orientation_freeze		ec1a0a1ee00c7c8f	PASS	/mnt/intelssd/rnatr_project/qc/11_p3_orientation_freeze/ENCSR307SHM_pilot100k_mm2splice_v1/p3_orientation_freeze.qc.tsv	PASS		2026-08-03T16:07:36+00:00	Auto-ingested from QC/metric TSV.
ENCSR307SHM_pilot100k_mm2splice_v1	11_p3_repeat_contract_audit		159fa76967311ce4	PASS	/mnt/intelssd/rnatr_project/qc/11_p3_repeat_contract_audit/ENCSR307SHM_pilot100k_mm2splice_v1/p3_repeat_algorithm_contract_audit.qc.tsv	PASS		2026-08-03T16:55:19+00:00	Auto-ingested from QC/metric TSV.
ENCSR307SHM_pilot100k_mm2splice_v1	11_p3_repeat_core_contract		6bc614d4add99149	PASS	/mnt/intelssd/rnatr_project/qc/11_p3_repeat_core_contract/ENCSR307SHM_pilot100k_mm2splice_v1/p3_repeat_core_contract.qc.tsv	PASS		2026-08-03T17:01:22+00:00	Auto-ingested from QC/metric TSV.
ENCSR307SHM_pilot100k_mm2splice_v1	11_p3_repeat_core_explicit_validation		82ad2a3f8a8c0ada	PASS	/mnt/intelssd/rnatr_project/qc/11_p3_repeat_core_explicit_validation/ENCSR307SHM_pilot100k_mm2splice_v1/p3_repeat_explicit_validation.qc.tsv	PASS		2026-08-03T17:54:10+00:00	Auto-ingested from QC/metric TSV.
ENCSR307SHM_pilot100k_mm2splice_v1	11_p3_repeat_core_validation_v4		75fd81e4c5efb707	FAIL	/mnt/intelssd/rnatr_project/qc/11_p3_repeat_core_validation_v4/ENCSR307SHM_pilot100k_mm2splice_v1/p3_repeat_core_positive_validation_v4.qc.tsv	FAIL		2026-08-03T17:32:13+00:00	Auto-ingested from QC/metric TSV.
ENCSR307SHM_pilot100k_mm2splice_v1	11_p3_repeat_core_validation_v5		1de4be536bfdaeb5	FAIL	/mnt/intelssd/rnatr_project/qc/11_p3_repeat_core_validation_v5/ENCSR307SHM_pilot100k_mm2splice_v1/p3_repeat_core_positive_validation_v5.qc.tsv	FAIL		2026-08-03T17:36:33+00:00	Auto-ingested from QC/metric TSV.
ENCSR307SHM_pilot100k_mm2splice_v1	11_p3_repeat_parameter_resolution		15daaf445dce1bfa	REVIEW	/mnt/intelssd/rnatr_project/qc/11_p3_repeat_parameter_resolution/ENCSR307SHM_pilot100k_mm2splice_v1/repeat_parameter_resolution.qc.tsv	REVIEW		2026-08-03T17:14:06+00:00	Auto-ingested from QC/metric TSV.
ENCSR307SHM_pilot100k_mm2splice_v1	11_p3_repeat_parameter_resolution_v2		798c1ca14d3adce0	PASS	/mnt/intelssd/rnatr_project/qc/11_p3_repeat_parameter_resolution_v2/ENCSR307SHM_pilot100k_mm2splice_v1/repeat_parameter_resolution_v2.qc.tsv	PASS		2026-08-03T17:17:13+00:00	Auto-ingested from QC/metric TSV.
ENCSR307SHM_pilot100k_mm2splice_v1	11_p3_specialized_motif_plan		fd438c6a85a05abb	PASS	/mnt/intelssd/rnatr_project/qc/11_p3_specialized_motif_plan/ENCSR307SHM_pilot100k_mm2splice_v1/rnatr_p3_specialized_motif_plan_v0.1.2_seed20260804/p3_specialized_motif_plan.qc.tsv	PASS		2026-08-04T08:53:18+00:00	Auto-ingested from QC/metric TSV.
ENCSR307SHM_pilot100k_mm2splice_v1	11_p3_target_entry_sizing		e4809fd96712af4b	PASS	/mnt/intelssd/rnatr_project/qc/11_p3_target_entry_sizing/ENCSR307SHM_pilot100k_mm2splice_v1/p3_target_entry_repeat_evidence.qc.tsv	PASS		2026-08-03T15:42:48+00:00	Auto-ingested from QC/metric TSV.
ENCSR307SHM_pilot100k_mm2splice_v1	11_periodic_baseline		b34674634074301f	PASS	/mnt/intelssd/rnatr_project/qc/11_periodic_baseline/ENCSR307SHM_pilot100k_mm2splice_v1/high_confidence_simple_periodic_qc.tsv	PASS		2026-08-03T06:34:13+00:00	Auto-ingested from QC/metric TSV.
ENCSR307SHM_pilot100k_mm2splice_v1	11_periodic_baseline_audit		ec64f29650f2f3a3	PASS	/mnt/intelssd/rnatr_project/qc/11_periodic_baseline_audit/ENCSR307SHM_pilot100k_mm2splice_v1/periodic_baseline_target_concordance_qc.tsv	PASS		2026-08-03T06:39:14+00:00	Auto-ingested from QC/metric TSV.
ENCSR307SHM_pilot100k_mm2splice_v1	11_periodic_calibrated		bce0e767333850e2	PASS	/mnt/intelssd/rnatr_project/qc/11_periodic_calibrated/ENCSR307SHM_pilot100k_mm2splice_v1/v0.3.3/simple_periodic_evidence.calibrated.v0.3.3.qc.tsv	PASS		2026-08-03T08:51:23+00:00	Auto-ingested from QC/metric TSV.
ENCSR307SHM_pilot100k_mm2splice_v1	11_periodic_finalization		859e02dfa3874126	PASS	/mnt/intelssd/rnatr_project/qc/11_periodic_finalization/ENCSR307SHM_pilot100k_mm2splice_v1/simple_periodic_evidence_finalization_qc.tsv	PASS		2026-08-03T07:50:01+00:00	Auto-ingested from QC/metric TSV.
ENCSR307SHM_pilot100k_mm2splice_v1	11_periodic_refinement		c1703083e269ce70	PASS	/mnt/intelssd/rnatr_project/qc/11_periodic_refinement/ENCSR307SHM_pilot100k_mm2splice_v1/target_constrained_periodic_qc.tsv	PASS		2026-08-03T07:41:10+00:00	Auto-ingested from QC/metric TSV.
ENCSR307SHM_pilot100k_mm2splice_v1	11_population_relative_length_bias_stratification		36f643f80c1dd02d	PASS	/mnt/intelssd/rnatr_project/qc/11_population_relative_length_bias_stratification/ENCSR307SHM_pilot100k_mm2splice_v1/rnatr_population_relative_length_bias_stratification_v0.1.0/sha256_3ca0af0814fd413c6f9f0dfe9fcc7c5715c03aa1f381932fc286d337252e3ef0/population_relative_length_bias_stratification.qc.tsv	PASS		2026-08-06T00:58:42+00:00	Auto-ingested from QC/metric TSV.
ENCSR307SHM_pilot100k_mm2splice_v1	11_population_relative_length_interpretation		80fdae8d646b5445	PASS	/mnt/intelssd/rnatr_project/qc/11_population_relative_length_interpretation/ENCSR307SHM_pilot100k_mm2splice_v1/rnatr_population_relative_length_interpretation_v0.1.0/sha256_10ee68a94cc12dfec7f105461cb1bbedfbefcec0907e4f091e5a55b3028fa8c6/population_relative_length_interpretation.qc.tsv	PASS		2026-08-06T00:53:24+00:00	Auto-ingested from QC/metric TSV.
ENCSR307SHM_pilot100k_mm2splice_v1	11_primary_fetal_brain_promethion_fastq_acquisition		8642298b94aa127d	PASS	/mnt/intelssd/rnatr_project/qc/11_primary_fetal_brain_promethion_fastq_acquisition/ENCSR307SHM_pilot100k_mm2splice_v1/rnatr_primary_fetal_brain_promethion_fastq_acquisition_v0.1.0/20260806T041119Z/primary_fetal_brain_promethion_fastq_acquisition.qc.tsv	PASS		2026-08-06T05:40:14+00:00	Auto-ingested from QC/metric TSV.
ENCSR307SHM_pilot100k_mm2splice_v1	11_production_p3_batch		8ebdd0754c239184	PASS	/mnt/intelssd/rnatr_project/qc/11_production_p3_batch/ENCSR307SHM_pilot100k_mm2splice_v1/p3_production_replay.qc.tsv	PASS		2026-08-03T16:38:15+00:00	Auto-ingested from QC/metric TSV.
ENCSR307SHM_pilot100k_mm2splice_v1	11_production_p3_bridge		e64c3a61a3c4a6cb	PASS	/mnt/intelssd/rnatr_project/qc/11_production_p3_bridge/ENCSR307SHM_pilot100k_mm2splice_v1/p3_bridge_alignment_core.qc.tsv	PASS		2026-08-03T16:45:05+00:00	Auto-ingested from QC/metric TSV.
ENCSR307SHM_pilot100k_mm2splice_v1	11_production_p3_end_to_end		2cc7a96ee40616aa	REVIEW	/mnt/intelssd/rnatr_project/qc/11_production_p3_end_to_end/ENCSR307SHM_pilot100k_mm2splice_v1/p3_end_to_end_pipeline.qc.tsv	REVIEW		2026-08-04T00:42:31+00:00	Auto-ingested from QC/metric TSV.
ENCSR307SHM_pilot100k_mm2splice_v1	11_production_p3_end_to_end_finalize		4d3113df9360b441	PASS	/mnt/intelssd/rnatr_project/qc/11_production_p3_end_to_end_finalize/ENCSR307SHM_pilot100k_mm2splice_v1/p3_end_to_end_finalization.qc.tsv	PASS		2026-08-04T00:53:32+00:00	Auto-ingested from QC/metric TSV.
ENCSR307SHM_pilot100k_mm2splice_v1	11_production_p3_end_to_end_postcheck		447c46c8fb9b1733	REVIEW	/mnt/intelssd/rnatr_project/qc/11_production_p3_end_to_end_postcheck/ENCSR307SHM_pilot100k_mm2splice_v1/p3_end_to_end_postcheck.qc.tsv	REVIEW		2026-08-04T00:48:24+00:00	Auto-ingested from QC/metric TSV.
ENCSR307SHM_pilot100k_mm2splice_v1	11_production_p3_geometry		89d8c30c48920c66	PASS	/mnt/intelssd/rnatr_project/qc/11_production_p3_geometry/ENCSR307SHM_pilot100k_mm2splice_v1/p3_geometry_core.qc.tsv	PASS		2026-08-03T16:41:21+00:00	Auto-ingested from QC/metric TSV.
ENCSR307SHM_pilot100k_mm2splice_v1	11_production_p3_pair_projection		7daeebc31d4d9810	REVIEW	/mnt/intelssd/rnatr_project/qc/11_production_p3_pair_projection/ENCSR307SHM_pilot100k_mm2splice_v1/p3_pair_alignment_projection_core.qc.tsv	REVIEW		2026-08-03T16:48:46+00:00	Auto-ingested from QC/metric TSV.
ENCSR307SHM_pilot100k_mm2splice_v1	11_production_p3_pair_projection_fix		7d0838466e838064	PASS	/mnt/intelssd/rnatr_project/qc/11_production_p3_pair_projection_fix/ENCSR307SHM_pilot100k_mm2splice_v1/p3_pair_alignment_projection_contract_fix.qc.tsv	PASS		2026-08-03T16:52:54+00:00	Auto-ingested from QC/metric TSV.
ENCSR307SHM_pilot100k_mm2splice_v1	11_production_p3_repeat		1d04cfd3ca6af60d	PASS	/mnt/intelssd/rnatr_project/qc/11_production_p3_repeat/ENCSR307SHM_pilot100k_mm2splice_v1/p3_repeat_measurement_core.qc.tsv	PASS		2026-08-04T00:31:11+00:00	Auto-ingested from QC/metric TSV.
ENCSR307SHM_pilot100k_mm2splice_v1	11_production_package		b0ac5d7a7617d90a	PASS	/mnt/intelssd/rnatr_project/qc/11_production_package/ENCSR307SHM_pilot100k_mm2splice_v1/production_package_skeleton.qc.tsv	PASS		2026-08-03T16:34:11+00:00	Auto-ingested from QC/metric TSV.
ENCSR307SHM_pilot100k_mm2splice_v1	11_projection		8629b1014135a2da	PASS	/mnt/intelssd/rnatr_project/qc/11_projection/ENCSR307SHM_pilot100k_mm2splice_v1/v0.3.3/raw_projection_qc.v0.3.3.tsv	PASS		2026-08-03T06:19:32+00:00	Auto-ingested from QC/metric TSV.
ENCSR307SHM_pilot100k_mm2splice_v1	11_reference_architecture		7a57d542c1ed6c94	PASS	/mnt/intelssd/rnatr_project/qc/11_reference_architecture/ENCSR307SHM_pilot100k_mm2splice_v1/reference_architecture.qc.tsv	PASS		2026-08-03T11:59:45+00:00	Auto-ingested from QC/metric TSV.
ENCSR307SHM_pilot100k_mm2splice_v1	11_reference_control_adapter_query_package		791830efbc77c106	HOLD	/mnt/intelssd/rnatr_project/qc/11_reference_control_adapter_query_package/ENCSR307SHM_pilot100k_mm2splice_v1/rnatr_reference_control_adapter_query_package_v0.1.0/reference_control_adapter_query_package.qc.tsv	HOLD		2026-08-04T11:12:01+00:00	Auto-ingested from QC/metric TSV.
ENCSR307SHM_pilot100k_mm2splice_v1	11_regression_fixture		198b5c971c01fb55	PASS	/mnt/intelssd/rnatr_project/qc/11_regression_fixture/ENCSR307SHM_pilot100k_mm2splice_v1/v0.3.2/regression_fixture.qc.tsv	PASS		2026-08-03T16:24:38+00:00	Auto-ingested from QC/metric TSV.
ENCSR307SHM_pilot100k_mm2splice_v1	11_repeatcatalogs_1kg_genomewide_adapter		4ed4a39a01cd486f	HOLD	/mnt/intelssd/rnatr_project/qc/11_repeatcatalogs_1kg_genomewide_adapter/ENCSR307SHM_pilot100k_mm2splice_v1/rnatr_repeatcatalogs_1kg_genomewide_adapter_v0.1.3/repeatcatalogs_1kg_genomewide_adapter.qc.tsv	HOLD		2026-08-05T01:22:57+00:00	Auto-ingested from QC/metric TSV.
ENCSR307SHM_pilot100k_mm2splice_v1	11_repeatcatalogs_1kg_seven_unmatched_diagnostic		b97bad8667b72d70	PASS	/mnt/intelssd/rnatr_project/qc/11_repeatcatalogs_1kg_seven_unmatched_diagnostic/ENCSR307SHM_pilot100k_mm2splice_v1/rnatr_repeatcatalogs_1kg_seven_unmatched_rows_v0.1.1/seven_unmatched_rows_diagnostic.qc.tsv	PASS		2026-08-05T01:19:03+00:00	Auto-ingested from QC/metric TSV.
ENCSR307SHM_pilot100k_mm2splice_v1	11_repeatcatalogs_crosswalk_coverage_audit		c9d66256d4800f1c	PASS	/mnt/intelssd/rnatr_project/qc/11_repeatcatalogs_crosswalk_coverage_audit/ENCSR307SHM_pilot100k_mm2splice_v1/rnatr_repeatcatalogs_crosswalk_coverage_audit_v0.1.2/repeatcatalogs_crosswalk_coverage_audit.qc.tsv	PASS		2026-08-05T05:02:59+00:00	Auto-ingested from QC/metric TSV.
ENCSR307SHM_pilot100k_mm2splice_v1	11_repeatcatalogs_reference_1kg_audit		e81d45ca2deefac3	HOLD	/mnt/intelssd/rnatr_project/qc/11_repeatcatalogs_reference_1kg_audit/ENCSR307SHM_pilot100k_mm2splice_v1/rnatr_freeze_tratlas_crosswalk_audit_repeatcatalogs_1kg_v0.1.0/repeatcatalogs_reference_1kg_audit.qc.tsv	HOLD		2026-08-05T00:47:08+00:00	Auto-ingested from QC/metric TSV.
ENCSR307SHM_pilot100k_mm2splice_v1	11_residual_context		7d425aa96dddace0	PASS	/mnt/intelssd/rnatr_project/qc/11_residual_context/ENCSR307SHM_pilot100k_mm2splice_v1/residual_context_audit.qc.tsv	PASS		2026-08-03T12:43:15+00:00	Auto-ingested from QC/metric TSV.
ENCSR307SHM_pilot100k_mm2splice_v1	11_schema_regression_v032		4f3276844d108838	PASS	/mnt/intelssd/rnatr_project/qc/11_schema_regression_v032/ENCSR307SHM_pilot100k_mm2splice_v1/schema_regression_v0.3.2.qc.tsv	PASS		2026-08-03T16:24:38+00:00	Auto-ingested from QC/metric TSV.
ENCSR307SHM_pilot100k_mm2splice_v1	11_schema_regression_v032_postcheck		74ceaa43bddaa607	PASS	/mnt/intelssd/rnatr_project/qc/11_schema_regression_v032_postcheck/ENCSR307SHM_pilot100k_mm2splice_v1/schema_regression_v0.3.2.postcheck.qc.tsv	PASS		2026-08-03T16:29:56+00:00	Auto-ingested from QC/metric TSV.
ENCSR307SHM_pilot100k_mm2splice_v1	11_six_sample_frozen_p01_replay		cad4a2c77082c48b	PASS	/mnt/intelssd/rnatr_project/qc/11_six_sample_frozen_p01_replay/ENCSR307SHM_pilot100k_mm2splice_v1/rnatr_six_sample_frozen_p01_replay_v0.1.5/six_sample_frozen_p01_replay.qc.tsv	PASS		2026-08-07T03:03:39+00:00	Auto-ingested from QC/metric TSV.
ENCSR307SHM_pilot100k_mm2splice_v1	11_span_calibration		848495be40868495	PASS	/mnt/intelssd/rnatr_project/qc/11_span_calibration/ENCSR307SHM_pilot100k_mm2splice_v1/exact_span_global_periodicity_qc.tsv	PASS		2026-08-03T07:56:12+00:00	Auto-ingested from QC/metric TSV.
ENCSR307SHM_pilot100k_mm2splice_v1	11_strchive_disease_context		f86469b4efbc0b71	HOLD	/mnt/intelssd/rnatr_project/qc/11_strchive_disease_context/ENCSR307SHM_pilot100k_mm2splice_v1/rnatr_strchive_disease_context_v0.1.0/strchive_disease_context.qc.tsv	HOLD		2026-08-04T11:33:58+00:00	Auto-ingested from QC/metric TSV.
ENCSR307SHM_pilot100k_mm2splice_v1	11_strchive_disease_context_final		aa3468785de93077	HOLD	/mnt/intelssd/rnatr_project/qc/11_strchive_disease_context_final/ENCSR307SHM_pilot100k_mm2splice_v1/rnatr_strchive_disease_context_final_v0.1.0/strchive_disease_context_boundary_finalization.qc.tsv	HOLD		2026-08-04T11:42:54+00:00	Auto-ingested from QC/metric TSV.
ENCSR307SHM_pilot100k_mm2splice_v1	11_tratlas_api_zenodo_crossvalidation		80add74c22342be5	FAIL	/mnt/intelssd/rnatr_project/qc/11_tratlas_api_zenodo_crossvalidation/ENCSR307SHM_pilot100k_mm2splice_v1/rnatr_tratlas_api_zenodo_crossvalidation_v0.1.0/tratlas_api_zenodo_crossvalidation.qc.tsv	FAIL		2026-08-05T05:38:34+00:00	Auto-ingested from QC/metric TSV.
ENCSR307SHM_pilot100k_mm2splice_v1	11_tratlas_exact_coordinate_crosswalk		888d57c5a636668b	PASS	/mnt/intelssd/rnatr_project/qc/11_tratlas_exact_coordinate_crosswalk/ENCSR307SHM_pilot100k_mm2splice_v1/rnatr_tratlas_exact_coordinate_crosswalk_v0.1.0/sha256_abba37e49eba43a416ba3676bc664eced91f48b6ffbecd744cb09d455cf252bd/tratlas_exact_coordinate_crosswalk.qc.tsv	PASS		2026-08-05T07:56:14+00:00	Auto-ingested from QC/metric TSV.
ENCSR307SHM_pilot100k_mm2splice_v1	11_tratlas_full_mirror_live_crosswalk		f8bc86784db79eb4	HOLD	/mnt/intelssd/rnatr_project/qc/11_tratlas_full_mirror_live_crosswalk/ENCSR307SHM_pilot100k_mm2splice_v1/rnatr_tratlas_full_mirror_live_crosswalk_v0.1.0/tratlas_full_mirror_live_crosswalk.qc.tsv	HOLD		2026-08-04T14:34:09+00:00	Auto-ingested from QC/metric TSV.
ENCSR307SHM_pilot100k_mm2splice_v1	11_tratlas_gangstr_discrepancy_diagnostic		afcf7f38082ae121	HOLD	/mnt/intelssd/rnatr_project/qc/11_tratlas_gangstr_discrepancy_diagnostic/ENCSR307SHM_pilot100k_mm2splice_v1/rnatr_gangstr_739010_discrepancy_diagnostic_v0.1.0/gangstr_739010_discrepancy_diagnostic.qc.tsv	HOLD		2026-08-05T00:10:11+00:00	Auto-ingested from QC/metric TSV.
ENCSR307SHM_pilot100k_mm2splice_v1	11_tratlas_live_bigbed_source_audit		921bb2fce15ed6f3	PASS	/mnt/intelssd/rnatr_project/qc/11_tratlas_live_bigbed_source_audit/ENCSR307SHM_pilot100k_mm2splice_v1/rnatr_tratlas_live_bigbed_source_audit_v0.1.0/sha256_abba37e49eba43a416ba3676bc664eced91f48b6ffbecd744cb09d455cf252bd/tratlas_live_bigbed_source_audit.qc.tsv	PASS		2026-08-05T07:46:42+00:00	Auto-ingested from QC/metric TSV.
ENCSR307SHM_pilot100k_mm2splice_v1	11_tratlas_metadata_overlap_reconciliation		adaaa14f0d8edf77	PASS	/mnt/intelssd/rnatr_project/qc/11_tratlas_metadata_overlap_reconciliation/ENCSR307SHM_pilot100k_mm2splice_v1/rnatr_tratlas_metadata_overlap_reconciliation_v0.1.0/metadata_manifest_sha256_bd0d98436b4ff73597c38fea85aa94b93b1a9c02667314896155474aade48605/tratlas_metadata_overlap_reconciliation.qc.tsv	PASS		2026-08-05T09:38:05+00:00	Auto-ingested from QC/metric TSV.
ENCSR307SHM_pilot100k_mm2splice_v1	11_tratlas_primary_frequency_schema		d1e19bec99925d0f	HOLD	/mnt/intelssd/rnatr_project/qc/11_tratlas_primary_frequency_schema/ENCSR307SHM_pilot100k_mm2splice_v1/rnatr_tratlas_primary_frequency_schema_v0.1.1/tratlas_primary_frequency_schema.qc.tsv	HOLD		2026-08-04T12:09:18+00:00	Auto-ingested from QC/metric TSV.
ENCSR307SHM_pilot100k_mm2splice_v1	11_tratlas_primary_schema_diagnostic		353672119f4061a5	HOLD	/mnt/intelssd/rnatr_project/qc/11_tratlas_primary_schema_diagnostic/ENCSR307SHM_pilot100k_mm2splice_v1/rnatr_tratlas_primary_schema_diagnostic_v0.1.0/tratlas_primary_schema_diagnostic.qc.tsv	HOLD		2026-08-04T12:02:57+00:00	Auto-ingested from QC/metric TSV.
ENCSR307SHM_pilot100k_mm2splice_v1	11_tratlas_repeatcatalogs_commit_sweep		f6da11b0f51ebb6f	HOLD	/mnt/intelssd/rnatr_project/qc/11_tratlas_repeatcatalogs_commit_sweep/ENCSR307SHM_pilot100k_mm2splice_v1/rnatr_repeatcatalogs_commit_sweep_v0.1.0/repeatcatalogs_commit_sweep.qc.tsv	HOLD		2026-08-05T00:14:32+00:00	Auto-ingested from QC/metric TSV.
ENCSR307SHM_pilot100k_mm2splice_v1	11_tratlas_stage6i_manifest_disparity_audit		55fabc56adb65f51	HOLD	/mnt/intelssd/rnatr_project/qc/11_tratlas_stage6i_manifest_disparity_audit/ENCSR307SHM_pilot100k_mm2splice_v1/rnatr_tratlas_stage6i_manifest_disparity_audit_v0.1.0/tratlas_stage6i_manifest_disparity_audit.qc.tsv	HOLD		2026-08-04T12:51:24+00:00	Auto-ingested from QC/metric TSV.
ENCSR307SHM_pilot100k_mm2splice_v1	11_tratlas_trds_semantics_crosswalk_probe		278d68b25253e088	HOLD	/mnt/intelssd/rnatr_project/qc/11_tratlas_trds_semantics_crosswalk_probe/ENCSR307SHM_pilot100k_mm2splice_v1/rnatr_tratlas_trds_semantics_crosswalk_probe_v0.1.0/tratlas_trds_semantics_crosswalk_probe.qc.tsv	HOLD		2026-08-04T13:50:31+00:00	Auto-ingested from QC/metric TSV.
ENCSR307SHM_pilot100k_mm2splice_v1	11_tratlas_zenodo_source_audit		40a2790873a99d9f	HOLD	/mnt/intelssd/rnatr_project/qc/11_tratlas_zenodo_source_audit/ENCSR307SHM_pilot100k_mm2splice_v1/rnatr_tratlas_zenodo_source_audit_v0.1.0/tratlas_zenodo_source_audit.qc.tsv	HOLD		2026-08-04T11:48:56+00:00	Auto-ingested from QC/metric TSV.
ENCSR307SHM_pilot100k_mm2splice_v1	13_parallel_production_candidate		568ab4b07515fba2	PASS	/mnt/intelssd/rnatr_project/qc/13_parallel_production_candidate/ENCSR307SHM_pilot100k_mm2splice_v1/v0.1.0/parallel_production_candidate_full_diff.qc.tsv	PASS		2026-08-07T07:55:09+00:00	Auto-ingested from QC/metric TSV.
ENCSR307SHM_pilot100k_mm2splice_v1	14_deterministic_general_caller		91b9e78874da209a	PASS	/mnt/intelssd/rnatr_project/qc/14_deterministic_general_caller/ENCSR307SHM_pilot100k_mm2splice_v1/v0.4.1_validation_v0.1.0/deterministic_v041_validation.qc.tsv	PASS		2026-08-07T12:41:12+00:00	Auto-ingested from QC/metric TSV.
ENCSR307SHM_pilot100k_mm2splice_v1	14_general_caller_100k_triage		2769586cd45bfd0a	PASS	/mnt/intelssd/rnatr_project/qc/14_general_caller_100k_triage/ENCSR307SHM_pilot100k_mm2splice_v1/v0.1.0/triage.qc.tsv	PASS		2026-08-07T08:45:18+00:00	Auto-ingested from QC/metric TSV.
ENCSR307SHM_pilot100k_mm2splice_v1	14_general_caller_schema_crosswalk		9030ddb0ceef2959	PASS	/mnt/intelssd/rnatr_project/qc/14_general_caller_schema_crosswalk/ENCSR307SHM_pilot100k_mm2splice_v1/v0.1.0/general_caller_schema_crosswalk.qc.tsv	PASS		2026-08-07T13:03:40+00:00	Auto-ingested from QC/metric TSV.
ENCSR307SHM_pilot100k_mm2splice_v1	14_schema_v040_design		e55dc146096c9cd9	PASS	/mnt/intelssd/rnatr_project/qc/14_schema_v040_design/ENCSR307SHM_pilot100k_mm2splice_v1/v0.1.1/schema_v040_design.qc.tsv	PASS		2026-08-07T13:56:01+00:00	Auto-ingested from QC/metric TSV.
ENCSR307SHM_pilot100k_mm2splice_v1	14_schema_v041_contract_extension		6830c1625df42d31	PASS	/mnt/intelssd/rnatr_project/qc/14_schema_v041_contract_extension/ENCSR307SHM_pilot100k_mm2splice_v1/v0.1.0/schema_v041_contract_extension.qc.tsv	PASS		2026-08-07T14:26:40+00:00	Auto-ingested from QC/metric TSV.
ENCSR307SHM_pilot100k_mm2splice_v1	14_schema_v042_flank_uniqueness_patch		07f28627ee788626	PASS	/mnt/intelssd/rnatr_project/qc/14_schema_v042_flank_uniqueness_patch/ENCSR307SHM_pilot100k_mm2splice_v1/v0.1.0/schema_v042_flank_uniqueness_patch.qc.tsv	PASS		2026-08-07T15:45:21+00:00	Auto-ingested from QC/metric TSV.
ENCSR307SHM_pilot100k_mm2splice_v1	14_schema_v042_promotion		5869e405a1f505a9	PASS	/mnt/intelssd/rnatr_project/qc/14_schema_v042_promotion/ENCSR307SHM_pilot100k_mm2splice_v1/v0.1.2/schema_v042_promotion.qc.tsv	PASS		2026-08-07T16:55:00+00:00	Auto-ingested from QC/metric TSV.
ENCSR307SHM_pilot100k_mm2splice_v1	14_simple_fastpath_benchmark		a158c6dcea29b50c	PASS	/mnt/intelssd/rnatr_project/qc/14_simple_fastpath_benchmark/ENCSR307SHM_pilot100k_mm2splice_v1/v0.1.0/fastpath_benchmark.qc.tsv	PASS		2026-08-07T08:50:07+00:00	Auto-ingested from QC/metric TSV.
ENCSR307SHM_pilot100k_mm2splice_v1	14_v041_schema_v042_100k_end_to_end		9c9f1196fbda5b23	PASS	/mnt/intelssd/rnatr_project/qc/14_v041_schema_v042_100k_end_to_end/ENCSR307SHM_pilot100k_mm2splice_v1/v0.1.1/stage14k2_100k_end_to_end.qc.tsv	PASS		2026-08-07T16:10:23+00:00	Auto-ingested from QC/metric TSV.
ENCSR307SHM_pilot100k_mm2splice_v1	14_v04_internal_profile		bfbb9e5b1c25c832	PASS	/mnt/intelssd/rnatr_project/qc/14_v04_internal_profile/ENCSR307SHM_pilot100k_mm2splice_v1/v0.1.0/v04_internal_profile.qc.tsv	PASS		2026-08-07T08:54:34+00:00	Auto-ingested from QC/metric TSV.
ENCSR307SHM_pilot100k_mm2splice_v1	14_v04_native_acceleration		016aca919b1132da	PASS	/mnt/intelssd/rnatr_project/qc/14_v04_native_acceleration/ENCSR307SHM_pilot100k_mm2splice_v1/v0.1.2/hashseed_determinism_audit.qc.tsv	PASS		2026-08-07T12:20:38+00:00	Auto-ingested from QC/metric TSV.
ENCSR307SHM_pilot100k_mm2splice_v1	15A_BAM_TO_FINAL_PERFORMANCE	impl_stage15a_performance_v0_2_2_1	v0.2.2.1	PASS	/mnt/intelssd/rnatr_project/qc/15_stage15a_bam_to_final/ENCSR307SHM_pilot100k_mm2splice_v1/v0.2.2.1_performance/stage15a_performance_100k.qc.tsv	PASS		2026-08-08T11:31:27+00:00	Corrected validator wiring; 100k exact-parity production timer passed the conservative 60-minute linear-projection gate.
ENCSR307SHM_pilot100k_mm2splice_v1	15A_BAM_TO_FINAL_REFERENCE	impl_stage15a_reference_v0_1_3	v0.1.3	PASS	/mnt/intelssd/rnatr_project/qc/15_stage15a_bam_to_final/ENCSR307SHM_pilot100k_mm2splice_v1/v0.1.3/stage15a_reference_100k.qc.tsv	PASS	2026-08-08T05:05:26+00:00	2026-08-08T06:12:17+00:00	11b/11d3/11e were verified byte-exact resumptions from v0.1.2; 11f/11h, native caller, materializer, validators, and atomic publication were executed and passed in v0.1.3.
ENCSR307SHM_pilot100k_mm2splice_v1	15_stage15a_bam_to_final		a4f74b4a5583bc58	PASS	/mnt/intelssd/rnatr_project/qc/15_stage15a_bam_to_final/ENCSR307SHM_pilot100k_mm2splice_v1/v0.2.3_restart_resume_100k/stage15a_restart_noop.qc.tsv	PASS		2026-08-08T13:40:10+00:00	Auto-ingested from QC/metric TSV.
ENCSR307SHM_pilot100k_mm2splice_v1	15_stage15a_contract_preflight		843f57b5d447ebd4	PASS	/mnt/intelssd/rnatr_project/qc/15_stage15a_contract_preflight/ENCSR307SHM_pilot100k_mm2splice_v1/v0.1.2_caller_parity/stage15a0_caller_parity_resolution.qc.tsv	PASS		2026-08-08T02:02:45+00:00	Auto-ingested from QC/metric TSV.
ENCSR307SHM_pilot100k_mm2splice_v1	15_stage15a_ssot_update		634d9e72144e2f07	PASS	/mnt/intelssd/rnatr_project/qc/15_stage15a_ssot_update/ENCSR307SHM_pilot100k_mm2splice_v1/restart_biology_v0.1.1/stage15a_restart_biology_ssot_update.qc.tsv	PASS		2026-08-08T14:11:19+00:00	Auto-ingested from QC/metric TSV.
ENCSR307SHM_stage15a250k_seed20260808_mm2splice_v1	15A_DETERMINISTIC_SCALING	impl_stage15a_scaling_250k_v0_1_2	v0.1.2_replicates_A_B	PASS	/mnt/intelssd/rnatr_project/qc/15_stage15a_bam_to_final/ENCSR307SHM_stage15a250k_seed20260808_mm2splice_v1/v0.1.2_250k_scaling/stage15a_scaling_250k.qc.tsv	PASS		2026-08-09T00:00:00+00:00	Two deterministic hash-seed replicates; exact package/caller reproducibility; 500k remains next gate.
ENCSR307SHM_stage15a250k_seed20260808_mm2splice_v1	15_architecture_consistency_audit		0ccc57a1ca981a5e	REVIEW	/mnt/intelssd/rnatr_project/qc/15_architecture_consistency_audit/ENCSR307SHM_stage15a250k_seed20260808_mm2splice_v1/post_250k_v0.1.1/architecture_consistency_audit.qc.tsv	REVIEW		2026-08-08T16:17:07+00:00	Auto-ingested from QC/metric TSV.
ENCSR307SHM_stage15a250k_seed20260808_mm2splice_v1	15_stage15a_bam_to_final		feda47de00d22dcb	PASS	/mnt/intelssd/rnatr_project/qc/15_stage15a_bam_to_final/ENCSR307SHM_stage15a250k_seed20260808_mm2splice_v1/v0.1.2_250k_scaling/stage15a_scaling_250k.qc.tsv	PASS		2026-08-08T15:25:43+00:00	Auto-ingested from QC/metric TSV.
ENCSR307SHM_stage15a250k_seed20260808_mm2splice_v1	15_stage15a_inputs		567109e5d7ad62fa	PASS	/mnt/intelssd/rnatr_project/qc/15_stage15a_inputs/ENCSR307SHM_stage15a250k_seed20260808_mm2splice_v1/rnatr_stage15a_250k_input_v0.1.0/stage15a_250k_input.qc.tsv	PASS		2026-08-08T15:06:12+00:00	Auto-ingested from QC/metric TSV.
ENCSR307SHM_stage15a250k_seed20260808_mm2splice_v1	15_stage15a_ssot_update		32acdfc0fefc2f9d	PASS	/mnt/intelssd/rnatr_project/qc/15_stage15a_ssot_update/ENCSR307SHM_stage15a250k_seed20260808_mm2splice_v1/250k_archaudit_v0.1.1/stage15a_250k_archaudit_ssot_update.qc.tsv	PASS		2026-08-08T16:54:42+00:00	Auto-ingested from QC/metric TSV.
ENCSR307SHM_stage15a250k_seed20260808_mm2splice_v1	ARCHITECTURE_CONSISTENCY_AUDIT	impl_stage15a_archaudit_post250k_v0_1_1	post_250k_v0.1.1	REVIEW	/mnt/intelssd/rnatr_project/qc/15_architecture_consistency_audit/ENCSR307SHM_stage15a250k_seed20260808_mm2splice_v1/post_250k_v0.1.1/architecture_consistency_audit.qc.tsv	REVIEW		2026-08-09T00:00:00+00:00	Zero blocking conflicts; checkpoint amendment PASS; three review and two open items remain.
ENCSR307SHM_stage15a500k_seed20260809_mm2splice_v1	15A_DETERMINISTIC_500K_SCALING	impl_stage15a_scaling_500k_v0_1_4	v0.1.4	PASS	/mnt/intelssd/rnatr_project/qc/15_stage15a_bam_to_final/ENCSR307SHM_stage15a500k_seed20260809_mm2splice_v1/v0.1.1_500k_scaling/stage15a_scaling_500k.qc.tsv	PASS			500k deterministic package/caller/checkpoint/nested parity PASS.
ENCSR307SHM_stage15a500k_seed20260809_mm2splice_v1	15B_MEMORY_BOUNDED_VALIDATOR	impl_stage15b_memory_bounded_validator_v0_1_0	v0.1.0	PASS	/mnt/intelssd/rnatr_project/qc/15_stage15b_memory_bounded_validator/ENCSR307SHM_stage15a500k_seed20260809_mm2splice_v1/v0.1.0/stage15b_memory_bounded_validator.qc.tsv	PASS			Frozen/candidate accept-reject equivalence PASS.
ENCSR307SHM_stage15a500k_seed20260809_mm2splice_v1	15C_FULLSCALE_EXECUTION_ARCHITECTURE	impl_stage15c_144shard_architecture_v0_1_1	v0.1.1	PASS	/mnt/intelssd/rnatr_project/qc/15_stage15c_execution_architecture/ENCSR307SHM_stage15a500k_seed20260809_mm2splice_v1/v0.1.1_144shard_500k/stage15c_144shard_execution_architecture.qc.tsv	PASS			12-vs-144 shard scientific output exact parity PASS.
ENCSR307SHM_stage15a500k_seed20260809_mm2splice_v1	15_stage15a_bam_to_final		4997f399f4c8ca25	PASS	/mnt/intelssd/rnatr_project/qc/15_stage15a_bam_to_final/ENCSR307SHM_stage15a500k_seed20260809_mm2splice_v1/v0.1.1_500k_scaling/stage15a_scaling_500k.qc.tsv	PASS		2026-08-09T02:14:29+00:00	Auto-ingested from QC/metric TSV.
ENCSR307SHM_stage15a500k_seed20260809_mm2splice_v1	15_stage15a_fullscale_readiness		3e8a549cf4039884	HOLD	/mnt/intelssd/rnatr_project/qc/15_stage15a_fullscale_readiness/ENCSR307SHM_stage15a500k_seed20260809_mm2splice_v1/v0.1.0/fullscale_resource_projection.tsv	HOLD		2026-08-09T04:27:55+00:00	Auto-ingested from QC/metric TSV.
ENCSR307SHM_stage15a500k_seed20260809_mm2splice_v1	15_stage15a_inputs		735bf02270f42721	PASS	/mnt/intelssd/rnatr_project/qc/15_stage15a_inputs/ENCSR307SHM_stage15a500k_seed20260809_mm2splice_v1/rnatr_stage15a_500k_input_v0.1.0/stage15a_500k_input.qc.tsv	PASS		2026-08-09T01:07:14+00:00	Auto-ingested from QC/metric TSV.
ENCSR307SHM_stage15a500k_seed20260809_mm2splice_v1	15_stage15b_memory_bounded_validator		ea634d21dd33e538	PASS	/mnt/intelssd/rnatr_project/qc/15_stage15b_memory_bounded_validator/ENCSR307SHM_stage15a500k_seed20260809_mm2splice_v1/v0.1.0/stage15b_memory_bounded_validator.qc.tsv	PASS		2026-08-09T06:36:47+00:00	Auto-ingested from QC/metric TSV.
ENCSR307SHM_stage15a500k_seed20260809_mm2splice_v1	15_stage15c_execution_architecture		fa444899e3128bac	PASS	/mnt/intelssd/rnatr_project/qc/15_stage15c_execution_architecture/ENCSR307SHM_stage15a500k_seed20260809_mm2splice_v1/v0.1.1_144shard_500k/stage15c_144shard_execution_architecture.qc.tsv	PASS		2026-08-09T12:57:51+00:00	Auto-ingested from QC/metric TSV.
ENCSR307SHM_stage15c_full5312696_seed20260809_mm2splice_v1	15C_FULL_EMPIRICAL_BAM_TO_FINAL	impl_stage15c_full_runner_v0_1_6	v0.1.6	PASS_WITH_DOCUMENTED_TOLERANCE	/mnt/intelssd/rnatr_project/qc/15_stage15c_fullscale_bam_to_final/ENCSR307SHM_stage15c_full5312696_seed20260809_mm2splice_v1/v0.1.6/stage15c_full_empirical_run.qc.tsv	PASS			Correctness/memory/storage/publication PASS; runtime exceeded 60 min by 2.475 s within declared tolerance.
ENCSR307SHM_stage15c_full5312696_seed20260809_mm2splice_v1	15D_G31_ROW_EXPANSION_AUDIT	impl_stage15d_g31_audit_v0_1_0	v0.1.0	REVIEW_SCOPE_AMENDMENT	/mnt/intelssd/rnatr_project/qc/15_stage15d_g31_row_expansion_audit/ENCSR307SHM_stage15c_full5312696_seed20260809_mm2splice_v1/v0.1.0/stage15d_g31_row_expansion_audit.qc.tsv	MACHINE_FAIL_PRESERVED_G31T_PASS_G31B_DEFERRED			Original machine FAIL remains immutable; technical integrity closed by scope amendment, biology interpretation deferred.
ENCSR307SHM_stage15c_full5312696_seed20260809_mm2splice_v1	15_stage15c_contract_locked_runner_build		e17a73104bda9f04	PASS	/mnt/intelssd/rnatr_project/qc/15_stage15c_contract_locked_runner_build/ENCSR307SHM_stage15c_full5312696_seed20260809_mm2splice_v1/v0.1.3/contract_locked_runner_build.qc.tsv	PASS		2026-08-09T15:05:07+00:00	Auto-ingested from QC/metric TSV.
ENCSR307SHM_stage15c_full5312696_seed20260809_mm2splice_v1	15_stage15c_execution_unlocked_runner_build		d248da6951783129	PASS	/mnt/intelssd/rnatr_project/qc/15_stage15c_execution_unlocked_runner_build/ENCSR307SHM_stage15c_full5312696_seed20260809_mm2splice_v1/v0.1.4/execution_unlocked_runner_build.qc.tsv	PASS		2026-08-09T15:53:20+00:00	Auto-ingested from QC/metric TSV.
ENCSR307SHM_stage15c_full5312696_seed20260809_mm2splice_v1	15_stage15c_fullscale_bam_to_final		1ee05f4c0fc87215	PASS	/mnt/intelssd/rnatr_project/qc/15_stage15c_fullscale_bam_to_final/ENCSR307SHM_stage15c_full5312696_seed20260809_mm2splice_v1/v0.1.6/stage15c_fullscale_checkpoint.qc.tsv	PASS		2026-08-10T02:07:02+00:00	Auto-ingested from QC/metric TSV.
ENCSR307SHM_stage15c_full5312696_seed20260809_mm2splice_v1	15_stage15c_fullscale_runner_preflight		9d944e43b7a40b30	PASS	/mnt/intelssd/rnatr_project/qc/15_stage15c_fullscale_runner_preflight/ENCSR307SHM_stage15c_full5312696_seed20260809_mm2splice_v1/v0.1.6/stage15c_fullscale_runner_preflight.qc.tsv	PASS		2026-08-10T00:58:53+00:00	Auto-ingested from QC/metric TSV.
ENCSR307SHM_stage15c_full5312696_seed20260809_mm2splice_v1	15_stage15c_runtime_bound_runner_build		bfa6beee520b707f	PASS	/mnt/intelssd/rnatr_project/qc/15_stage15c_runtime_bound_runner_build/ENCSR307SHM_stage15c_full5312696_seed20260809_mm2splice_v1/v0.1.5/stage15c_runtime_bound_runner_build.qc.tsv	PASS		2026-08-09T23:53:11+00:00	Auto-ingested from QC/metric TSV.
ENCSR307SHM_stage15c_full5312696_seed20260809_mm2splice_v1	15_stage15c_runtime_path_bound_runner_build		245843a75212b2cf	PASS	/mnt/intelssd/rnatr_project/qc/15_stage15c_runtime_path_bound_runner_build/ENCSR307SHM_stage15c_full5312696_seed20260809_mm2splice_v1/v0.1.6/stage15c_runtime_path_bound_runner_build.qc.tsv	PASS		2026-08-10T00:40:04+00:00	Auto-ingested from QC/metric TSV.
ENCSR307SHM_stage15c_full5312696_seed20260809_mm2splice_v1	15_stage15d_g31_row_expansion_audit		308376388d337c74	FAIL	/mnt/intelssd/rnatr_project/qc/15_stage15d_g31_row_expansion_audit/ENCSR307SHM_stage15c_full5312696_seed20260809_mm2splice_v1/v0.1.0/stage15d_g31_row_expansion_audit.qc.tsv	FAIL		2026-08-10T04:09:43+00:00	Auto-ingested from QC/metric TSV.
ENCSR307SHM_stage15c_full5312696_seed20260809_mm2splice_v1	15_stage15d_ssot_update		1b0e832cb8dc7091	PASS	/mnt/intelssd/rnatr_project/qc/15_stage15d_ssot_update/ENCSR307SHM_stage15c_full5312696_seed20260809_mm2splice_v1/fullscale_handover_v0.1.0/stage15d_fullscale_handover_ssot_update.qc.tsv	PASS		2026-08-10T06:51:12+00:00	Auto-ingested from QC/metric TSV.
ENCSR307SHM_stage15c_full5312696_seed20260809_mm2splice_v1	15_stage15e_determinism_restart		e7bdbc45e31d6caf	PASS	/mnt/intelssd/rnatr_project/qc/15_stage15e_determinism_restart/ENCSR307SHM_stage15c_full5312696_seed20260809_mm2splice_v1/v0.1.0/stage15e_combined_determinism_restart.qc.tsv	PASS		2026-08-10T11:00:43+00:00	Auto-ingested from QC/metric TSV.
ENCSR307SHM_stage15c_full5312696_seed20260809_mm2splice_v1	15_stage15f_stage15e_registration		1ba057cc3f31b642	PASS	/mnt/intelssd/rnatr_project/qc/15_stage15f_stage15e_registration/ENCSR307SHM_stage15c_full5312696_seed20260809_mm2splice_v1/v0.1.1/stage15f_stage15e_registration.qc.tsv	PASS		2026-08-10T13:14:38+00:00	Auto-ingested from QC/metric TSV.
ENCSR307SHM_stage15c_full5312696_seed20260809_mm2splice_v1	15_stage15g_prerc_architecture_remediation		0d3c6bb502379ac9	PASS	/mnt/intelssd/rnatr_project/qc/15_stage15g_prerc_architecture_remediation/ENCSR307SHM_stage15c_full5312696_seed20260809_mm2splice_v1/v0.1.1/stage15g_prerc_architecture_remediation.qc.tsv	PASS		2026-08-11T00:33:49+00:00	Auto-ingested from QC/metric TSV.
ENCSR307SHM_stage15e_determinism_restart_hashseed20260810_v1	15E_RELEASE_SCALE_DETERMINISM_RESTART	impl_stage15e_combined_determinism_restart_v0_1_0	hashseed20260810_intentional_stop_resume_noop	PASS	/mnt/intelssd/rnatr_project/qc/15_stage15e_determinism_restart/ENCSR307SHM_stage15c_full5312696_seed20260809_mm2splice_v1/v0.1.0/stage15e_combined_determinism_restart.qc.tsv	PASS			Checkpoint-based scope explicitly excludes upstream BAM partition/11b/11d3/11e full rerun and cross-hardware validation.
ENCSR307SHM_stage15g_prerc_architecture_remediation_v0_1_1	15G_PRERC_ARCHITECTURE_REMEDIATION	impl_stage15g_prerc_architecture_remediation_v0_1_1	v0.1.1	PASS	/mnt/intelssd/rnatr_project/qc/15_stage15g_prerc_architecture_remediation/ENCSR307SHM_stage15c_full5312696_seed20260809_mm2splice_v1/v0.1.1/stage15g_prerc_architecture_remediation.qc.tsv	PASS			Successful SSOT rebuild is conditional on all exact remediation guards.
ENCSR327TOR_sample100k_seed20260803_mm2splice_v1_calib6_replay_v0.3.3	11_assignment		9ef2e118d3b8a1df	PASS	/mnt/intelssd/rnatr_project/qc/11_assignment/ENCSR327TOR_sample100k_seed20260803_mm2splice_v1_calib6_replay_v0.3.3/alignment_distribution_qc.tsv	PASS		2026-08-06T09:52:13+00:00	Auto-ingested from QC/metric TSV.
ENCSR327TOR_sample100k_seed20260803_mm2splice_v1_calib6_replay_v0.3.3_mappedonly	11_assignment		11ae7a9f9148ed31	REVIEW	/mnt/intelssd/rnatr_project/qc/11_assignment/ENCSR327TOR_sample100k_seed20260803_mm2splice_v1_calib6_replay_v0.3.3_mappedonly/alignment_distribution_qc.tsv	REVIEW		2026-08-06T23:57:07+00:00	Auto-ingested from QC/metric TSV.
ENCSR327TOR_sample100k_seed20260803_mm2splice_v1_calib6_replay_v0.3.3_validator_v0.3.1	11_assignment		37a889b2670eb2c5	PASS	/mnt/intelssd/rnatr_project/qc/11_assignment/ENCSR327TOR_sample100k_seed20260803_mm2splice_v1_calib6_replay_v0.3.3_validator_v0.3.1/target_assignment_qc.tsv	PASS		2026-08-07T00:05:50+00:00	Auto-ingested from QC/metric TSV.
ENCSR327TOR_sample100k_seed20260803_mm2splice_v1_calib6_replay_v0.3.3_validator_v0.3.1	11_motif_jobs		95483f5ddd14fadc	PASS	/mnt/intelssd/rnatr_project/qc/11_motif_jobs/ENCSR327TOR_sample100k_seed20260803_mm2splice_v1_calib6_replay_v0.3.3_validator_v0.3.1/motif_job_preparation_qc.tsv	PASS		2026-08-07T00:07:22+00:00	Auto-ingested from QC/metric TSV.
ENCSR327TOR_sample100k_seed20260803_mm2splice_v1_calib6_replay_v0.3.3_validator_v0.3.1	11_projection		c3a3b6e9c5357002	PASS	/mnt/intelssd/rnatr_project/qc/11_projection/ENCSR327TOR_sample100k_seed20260803_mm2splice_v1_calib6_replay_v0.3.3_validator_v0.3.1/v0.3.3/raw_projection_qc.v0.3.3.tsv	PASS		2026-08-07T00:07:03+00:00	Auto-ingested from QC/metric TSV.
ENCSR327TOR_sample100k_seed20260803_mm2splice_v1_calib6_replay_v0.3.3_validator_v0.3.1_pipefailfix	11_assignment		416d7dab550dfed7	PASS	/mnt/intelssd/rnatr_project/qc/11_assignment/ENCSR327TOR_sample100k_seed20260803_mm2splice_v1_calib6_replay_v0.3.3_validator_v0.3.1_pipefailfix/target_assignment_qc.tsv	PASS		2026-08-07T01:25:45+00:00	Auto-ingested from QC/metric TSV.
ENCSR327TOR_sample100k_seed20260803_mm2splice_v1_calib6_replay_v0.3.3_validator_v0.3.1_pipefailfix	11_motif_jobs		a2e8fb017a9bca9a	PASS	/mnt/intelssd/rnatr_project/qc/11_motif_jobs/ENCSR327TOR_sample100k_seed20260803_mm2splice_v1_calib6_replay_v0.3.3_validator_v0.3.1_pipefailfix/motif_job_preparation_qc.tsv	PASS		2026-08-07T01:27:17+00:00	Auto-ingested from QC/metric TSV.
ENCSR327TOR_sample100k_seed20260803_mm2splice_v1_calib6_replay_v0.3.3_validator_v0.3.1_pipefailfix	11_periodic_baseline		c7314bab0f02b2c5	PASS	/mnt/intelssd/rnatr_project/qc/11_periodic_baseline/ENCSR327TOR_sample100k_seed20260803_mm2splice_v1_calib6_replay_v0.3.3_validator_v0.3.1_pipefailfix/high_confidence_simple_periodic_qc.tsv	PASS		2026-08-07T01:32:20+00:00	Auto-ingested from QC/metric TSV.
ENCSR327TOR_sample100k_seed20260803_mm2splice_v1_calib6_replay_v0.3.3_validator_v0.3.1_pipefailfix	11_periodic_baseline_audit		c248099637459c80	PASS	/mnt/intelssd/rnatr_project/qc/11_periodic_baseline_audit/ENCSR327TOR_sample100k_seed20260803_mm2splice_v1_calib6_replay_v0.3.3_validator_v0.3.1_pipefailfix/periodic_baseline_target_concordance_qc.tsv	PASS		2026-08-07T01:32:25+00:00	Auto-ingested from QC/metric TSV.
ENCSR327TOR_sample100k_seed20260803_mm2splice_v1_calib6_replay_v0.3.3_validator_v0.3.1_pipefailfix	11_periodic_calibrated		510a4710c1464621	PASS	/mnt/intelssd/rnatr_project/qc/11_periodic_calibrated/ENCSR327TOR_sample100k_seed20260803_mm2splice_v1_calib6_replay_v0.3.3_validator_v0.3.1_pipefailfix/v0.3.3/simple_periodic_evidence.calibrated.v0.3.3.qc.tsv	PASS		2026-08-07T02:08:32+00:00	Auto-ingested from QC/metric TSV.
ENCSR327TOR_sample100k_seed20260803_mm2splice_v1_calib6_replay_v0.3.3_validator_v0.3.1_pipefailfix	11_periodic_finalization		6326b453a0221394	PASS	/mnt/intelssd/rnatr_project/qc/11_periodic_finalization/ENCSR327TOR_sample100k_seed20260803_mm2splice_v1_calib6_replay_v0.3.3_validator_v0.3.1_pipefailfix/simple_periodic_evidence_finalization_qc.tsv	PASS		2026-08-07T01:35:47+00:00	Auto-ingested from QC/metric TSV.
ENCSR327TOR_sample100k_seed20260803_mm2splice_v1_calib6_replay_v0.3.3_validator_v0.3.1_pipefailfix	11_periodic_refinement		f2da9b787c33b280	PASS	/mnt/intelssd/rnatr_project/qc/11_periodic_refinement/ENCSR327TOR_sample100k_seed20260803_mm2splice_v1_calib6_replay_v0.3.3_validator_v0.3.1_pipefailfix/target_constrained_periodic_qc.tsv	PASS		2026-08-07T01:35:44+00:00	Auto-ingested from QC/metric TSV.
ENCSR327TOR_sample100k_seed20260803_mm2splice_v1_calib6_replay_v0.3.3_validator_v0.3.1_pipefailfix	11_projection		3b32d3ea8ce5700a	PASS	/mnt/intelssd/rnatr_project/qc/11_projection/ENCSR327TOR_sample100k_seed20260803_mm2splice_v1_calib6_replay_v0.3.3_validator_v0.3.1_pipefailfix/v0.3.3/raw_projection_qc.v0.3.3.tsv	PASS		2026-08-07T01:26:58+00:00	Auto-ingested from QC/metric TSV.
ENCSR327TOR_sample100k_seed20260803_mm2splice_v1_calib6_replay_v0.3.3_validator_v0.3.1_pipefailfix	11_span_calibration		22968a9095e3f47b	REVIEW	/mnt/intelssd/rnatr_project/qc/11_span_calibration/ENCSR327TOR_sample100k_seed20260803_mm2splice_v1_calib6_replay_v0.3.3_validator_v0.3.1_pipefailfix/exact_span_global_periodicity_qc.tsv	REVIEW		2026-08-07T01:36:04+00:00	Auto-ingested from QC/metric TSV.
ENCSR582TMC_sample100k_seed20260803_mm2splice_v1_calib6_replay_v0.3.3_validator_v0.3.1_pipefailfix	11_assignment		fb38d7891501eb2a	PASS	/mnt/intelssd/rnatr_project/qc/11_assignment/ENCSR582TMC_sample100k_seed20260803_mm2splice_v1_calib6_replay_v0.3.3_validator_v0.3.1_pipefailfix/target_assignment_qc.tsv	PASS		2026-08-07T02:09:04+00:00	Auto-ingested from QC/metric TSV.
ENCSR582TMC_sample100k_seed20260803_mm2splice_v1_calib6_replay_v0.3.3_validator_v0.3.1_pipefailfix	11_motif_jobs		e7a81b220fa5df92	PASS	/mnt/intelssd/rnatr_project/qc/11_motif_jobs/ENCSR582TMC_sample100k_seed20260803_mm2splice_v1_calib6_replay_v0.3.3_validator_v0.3.1_pipefailfix/motif_job_preparation_qc.tsv	PASS		2026-08-07T02:10:41+00:00	Auto-ingested from QC/metric TSV.
ENCSR582TMC_sample100k_seed20260803_mm2splice_v1_calib6_replay_v0.3.3_validator_v0.3.1_pipefailfix	11_periodic_baseline		3ffeb504ea949458	PASS	/mnt/intelssd/rnatr_project/qc/11_periodic_baseline/ENCSR582TMC_sample100k_seed20260803_mm2splice_v1_calib6_replay_v0.3.3_validator_v0.3.1_pipefailfix/high_confidence_simple_periodic_qc.tsv	PASS		2026-08-07T02:16:24+00:00	Auto-ingested from QC/metric TSV.
ENCSR582TMC_sample100k_seed20260803_mm2splice_v1_calib6_replay_v0.3.3_validator_v0.3.1_pipefailfix	11_periodic_baseline_audit		7ea7d06b6e2098ae	PASS	/mnt/intelssd/rnatr_project/qc/11_periodic_baseline_audit/ENCSR582TMC_sample100k_seed20260803_mm2splice_v1_calib6_replay_v0.3.3_validator_v0.3.1_pipefailfix/periodic_baseline_target_concordance_qc.tsv	PASS		2026-08-07T02:16:29+00:00	Auto-ingested from QC/metric TSV.
ENCSR582TMC_sample100k_seed20260803_mm2splice_v1_calib6_replay_v0.3.3_validator_v0.3.1_pipefailfix	11_periodic_calibrated		22ec9eb5fb828c72	PASS	/mnt/intelssd/rnatr_project/qc/11_periodic_calibrated/ENCSR582TMC_sample100k_seed20260803_mm2splice_v1_calib6_replay_v0.3.3_validator_v0.3.1_pipefailfix/v0.3.3/simple_periodic_evidence.calibrated.v0.3.3.qc.tsv	PASS		2026-08-07T02:20:44+00:00	Auto-ingested from QC/metric TSV.
ENCSR582TMC_sample100k_seed20260803_mm2splice_v1_calib6_replay_v0.3.3_validator_v0.3.1_pipefailfix	11_periodic_finalization		93a2f7732840a911	PASS	/mnt/intelssd/rnatr_project/qc/11_periodic_finalization/ENCSR582TMC_sample100k_seed20260803_mm2splice_v1_calib6_replay_v0.3.3_validator_v0.3.1_pipefailfix/simple_periodic_evidence_finalization_qc.tsv	PASS		2026-08-07T02:20:20+00:00	Auto-ingested from QC/metric TSV.
ENCSR582TMC_sample100k_seed20260803_mm2splice_v1_calib6_replay_v0.3.3_validator_v0.3.1_pipefailfix	11_periodic_refinement		253da8e5d485fd92	PASS	/mnt/intelssd/rnatr_project/qc/11_periodic_refinement/ENCSR582TMC_sample100k_seed20260803_mm2splice_v1_calib6_replay_v0.3.3_validator_v0.3.1_pipefailfix/target_constrained_periodic_qc.tsv	PASS		2026-08-07T02:20:17+00:00	Auto-ingested from QC/metric TSV.
ENCSR582TMC_sample100k_seed20260803_mm2splice_v1_calib6_replay_v0.3.3_validator_v0.3.1_pipefailfix	11_projection		6b22fa2bb0b2fd0e	PASS	/mnt/intelssd/rnatr_project/qc/11_projection/ENCSR582TMC_sample100k_seed20260803_mm2splice_v1_calib6_replay_v0.3.3_validator_v0.3.1_pipefailfix/v0.3.3/raw_projection_qc.v0.3.3.tsv	PASS		2026-08-07T02:10:21+00:00	Auto-ingested from QC/metric TSV.
ENCSR582TMC_sample100k_seed20260803_mm2splice_v1_calib6_replay_v0.3.3_validator_v0.3.1_pipefailfix	11_span_calibration		87c9632252f3d608	PASS	/mnt/intelssd/rnatr_project/qc/11_span_calibration/ENCSR582TMC_sample100k_seed20260803_mm2splice_v1_calib6_replay_v0.3.3_validator_v0.3.1_pipefailfix/exact_span_global_periodicity_qc.tsv	PASS		2026-08-07T02:20:38+00:00	Auto-ingested from QC/metric TSV.
ENCSR598UIY_sample100k_seed20260803_mm2splice_v1_calib6_replay_v0.3.3_validator_v0.3.1_pipefailfix	11_assignment		58a474c24e8335f8	PASS	/mnt/intelssd/rnatr_project/qc/11_assignment/ENCSR598UIY_sample100k_seed20260803_mm2splice_v1_calib6_replay_v0.3.3_validator_v0.3.1_pipefailfix/target_assignment_qc.tsv	PASS		2026-08-07T02:21:15+00:00	Auto-ingested from QC/metric TSV.
ENCSR598UIY_sample100k_seed20260803_mm2splice_v1_calib6_replay_v0.3.3_validator_v0.3.1_pipefailfix	11_motif_jobs		7c3ded2c6223f234	PASS	/mnt/intelssd/rnatr_project/qc/11_motif_jobs/ENCSR598UIY_sample100k_seed20260803_mm2splice_v1_calib6_replay_v0.3.3_validator_v0.3.1_pipefailfix/motif_job_preparation_qc.tsv	PASS		2026-08-07T02:22:41+00:00	Auto-ingested from QC/metric TSV.
ENCSR598UIY_sample100k_seed20260803_mm2splice_v1_calib6_replay_v0.3.3_validator_v0.3.1_pipefailfix	11_periodic_baseline		41a917fdfcccb81c	PASS	/mnt/intelssd/rnatr_project/qc/11_periodic_baseline/ENCSR598UIY_sample100k_seed20260803_mm2splice_v1_calib6_replay_v0.3.3_validator_v0.3.1_pipefailfix/high_confidence_simple_periodic_qc.tsv	PASS		2026-08-07T02:27:33+00:00	Auto-ingested from QC/metric TSV.
ENCSR598UIY_sample100k_seed20260803_mm2splice_v1_calib6_replay_v0.3.3_validator_v0.3.1_pipefailfix	11_periodic_baseline_audit		fe2ee2ad3c23a921	PASS	/mnt/intelssd/rnatr_project/qc/11_periodic_baseline_audit/ENCSR598UIY_sample100k_seed20260803_mm2splice_v1_calib6_replay_v0.3.3_validator_v0.3.1_pipefailfix/periodic_baseline_target_concordance_qc.tsv	PASS		2026-08-07T02:27:38+00:00	Auto-ingested from QC/metric TSV.
ENCSR598UIY_sample100k_seed20260803_mm2splice_v1_calib6_replay_v0.3.3_validator_v0.3.1_pipefailfix	11_periodic_calibrated		1f187413129b7430	PASS	/mnt/intelssd/rnatr_project/qc/11_periodic_calibrated/ENCSR598UIY_sample100k_seed20260803_mm2splice_v1_calib6_replay_v0.3.3_validator_v0.3.1_pipefailfix/v0.3.3/simple_periodic_evidence.calibrated.v0.3.3.qc.tsv	PASS		2026-08-07T02:31:04+00:00	Auto-ingested from QC/metric TSV.
ENCSR598UIY_sample100k_seed20260803_mm2splice_v1_calib6_replay_v0.3.3_validator_v0.3.1_pipefailfix	11_periodic_finalization		de558548e29b566b	PASS	/mnt/intelssd/rnatr_project/qc/11_periodic_finalization/ENCSR598UIY_sample100k_seed20260803_mm2splice_v1_calib6_replay_v0.3.3_validator_v0.3.1_pipefailfix/simple_periodic_evidence_finalization_qc.tsv	PASS		2026-08-07T02:30:43+00:00	Auto-ingested from QC/metric TSV.
ENCSR598UIY_sample100k_seed20260803_mm2splice_v1_calib6_replay_v0.3.3_validator_v0.3.1_pipefailfix	11_periodic_refinement		b755731884f6e7c7	PASS	/mnt/intelssd/rnatr_project/qc/11_periodic_refinement/ENCSR598UIY_sample100k_seed20260803_mm2splice_v1_calib6_replay_v0.3.3_validator_v0.3.1_pipefailfix/target_constrained_periodic_qc.tsv	PASS		2026-08-07T02:30:40+00:00	Auto-ingested from QC/metric TSV.
ENCSR598UIY_sample100k_seed20260803_mm2splice_v1_calib6_replay_v0.3.3_validator_v0.3.1_pipefailfix	11_projection		08c16a6812db25bd	PASS	/mnt/intelssd/rnatr_project/qc/11_projection/ENCSR598UIY_sample100k_seed20260803_mm2splice_v1_calib6_replay_v0.3.3_validator_v0.3.1_pipefailfix/v0.3.3/raw_projection_qc.v0.3.3.tsv	PASS		2026-08-07T02:22:23+00:00	Auto-ingested from QC/metric TSV.
ENCSR598UIY_sample100k_seed20260803_mm2splice_v1_calib6_replay_v0.3.3_validator_v0.3.1_pipefailfix	11_span_calibration		8db829204c55f6b9	PASS	/mnt/intelssd/rnatr_project/qc/11_span_calibration/ENCSR598UIY_sample100k_seed20260803_mm2splice_v1_calib6_replay_v0.3.3_validator_v0.3.1_pipefailfix/exact_span_global_periodicity_qc.tsv	PASS		2026-08-07T02:30:59+00:00	Auto-ingested from QC/metric TSV.
ENCSR852YUV_sample100k_seed20260803_mm2splice_v1_calib6_replay_v0.3.3_validator_v0.3.1_pipefailfix	11_assignment		c73e86da751e31d2	PASS	/mnt/intelssd/rnatr_project/qc/11_assignment/ENCSR852YUV_sample100k_seed20260803_mm2splice_v1_calib6_replay_v0.3.3_validator_v0.3.1_pipefailfix/target_assignment_qc.tsv	PASS		2026-08-07T02:31:33+00:00	Auto-ingested from QC/metric TSV.
ENCSR852YUV_sample100k_seed20260803_mm2splice_v1_calib6_replay_v0.3.3_validator_v0.3.1_pipefailfix	11_motif_jobs		990071b874276a65	PASS	/mnt/intelssd/rnatr_project/qc/11_motif_jobs/ENCSR852YUV_sample100k_seed20260803_mm2splice_v1_calib6_replay_v0.3.3_validator_v0.3.1_pipefailfix/motif_job_preparation_qc.tsv	PASS		2026-08-07T02:32:50+00:00	Auto-ingested from QC/metric TSV.
ENCSR852YUV_sample100k_seed20260803_mm2splice_v1_calib6_replay_v0.3.3_validator_v0.3.1_pipefailfix	11_periodic_baseline		9db3b0e3a6ec7cf8	PASS	/mnt/intelssd/rnatr_project/qc/11_periodic_baseline/ENCSR852YUV_sample100k_seed20260803_mm2splice_v1_calib6_replay_v0.3.3_validator_v0.3.1_pipefailfix/high_confidence_simple_periodic_qc.tsv	PASS		2026-08-07T02:37:35+00:00	Auto-ingested from QC/metric TSV.
ENCSR852YUV_sample100k_seed20260803_mm2splice_v1_calib6_replay_v0.3.3_validator_v0.3.1_pipefailfix	11_periodic_baseline_audit		4bdb58dd85cc5e50	PASS	/mnt/intelssd/rnatr_project/qc/11_periodic_baseline_audit/ENCSR852YUV_sample100k_seed20260803_mm2splice_v1_calib6_replay_v0.3.3_validator_v0.3.1_pipefailfix/periodic_baseline_target_concordance_qc.tsv	PASS		2026-08-07T02:37:40+00:00	Auto-ingested from QC/metric TSV.
ENCSR852YUV_sample100k_seed20260803_mm2splice_v1_calib6_replay_v0.3.3_validator_v0.3.1_pipefailfix	11_periodic_calibrated		5ef0c7913b21f828	PASS	/mnt/intelssd/rnatr_project/qc/11_periodic_calibrated/ENCSR852YUV_sample100k_seed20260803_mm2splice_v1_calib6_replay_v0.3.3_validator_v0.3.1_pipefailfix/v0.3.3/simple_periodic_evidence.calibrated.v0.3.3.qc.tsv	PASS		2026-08-07T02:41:01+00:00	Auto-ingested from QC/metric TSV.
ENCSR852YUV_sample100k_seed20260803_mm2splice_v1_calib6_replay_v0.3.3_validator_v0.3.1_pipefailfix	11_periodic_finalization		eaa2fee36fb5fc3e	PASS	/mnt/intelssd/rnatr_project/qc/11_periodic_finalization/ENCSR852YUV_sample100k_seed20260803_mm2splice_v1_calib6_replay_v0.3.3_validator_v0.3.1_pipefailfix/simple_periodic_evidence_finalization_qc.tsv	PASS		2026-08-07T02:40:40+00:00	Auto-ingested from QC/metric TSV.
ENCSR852YUV_sample100k_seed20260803_mm2splice_v1_calib6_replay_v0.3.3_validator_v0.3.1_pipefailfix	11_periodic_refinement		b0d57971a487d867	PASS	/mnt/intelssd/rnatr_project/qc/11_periodic_refinement/ENCSR852YUV_sample100k_seed20260803_mm2splice_v1_calib6_replay_v0.3.3_validator_v0.3.1_pipefailfix/target_constrained_periodic_qc.tsv	PASS		2026-08-07T02:40:37+00:00	Auto-ingested from QC/metric TSV.
ENCSR852YUV_sample100k_seed20260803_mm2splice_v1_calib6_replay_v0.3.3_validator_v0.3.1_pipefailfix	11_projection		6dcc03cdfb4c151f	PASS	/mnt/intelssd/rnatr_project/qc/11_projection/ENCSR852YUV_sample100k_seed20260803_mm2splice_v1_calib6_replay_v0.3.3_validator_v0.3.1_pipefailfix/v0.3.3/raw_projection_qc.v0.3.3.tsv	PASS		2026-08-07T02:32:33+00:00	Auto-ingested from QC/metric TSV.
ENCSR852YUV_sample100k_seed20260803_mm2splice_v1_calib6_replay_v0.3.3_validator_v0.3.1_pipefailfix	11_span_calibration		ecfce349cb148e41	PASS	/mnt/intelssd/rnatr_project/qc/11_span_calibration/ENCSR852YUV_sample100k_seed20260803_mm2splice_v1_calib6_replay_v0.3.3_validator_v0.3.1_pipefailfix/exact_span_global_periodicity_qc.tsv	PASS		2026-08-07T02:40:56+00:00	Auto-ingested from QC/metric TSV.
ENCSR859DYW_sample100k_seed20260803_mm2splice_v1_calib6_replay_v0.3.3_validator_v0.3.1_pipefailfix	11_assignment		055b243cbc284309	PASS	/mnt/intelssd/rnatr_project/qc/11_assignment/ENCSR859DYW_sample100k_seed20260803_mm2splice_v1_calib6_replay_v0.3.3_validator_v0.3.1_pipefailfix/target_assignment_qc.tsv	PASS		2026-08-07T02:41:31+00:00	Auto-ingested from QC/metric TSV.
ENCSR859DYW_sample100k_seed20260803_mm2splice_v1_calib6_replay_v0.3.3_validator_v0.3.1_pipefailfix	11_motif_jobs		eae22cf61f377aa3	PASS	/mnt/intelssd/rnatr_project/qc/11_motif_jobs/ENCSR859DYW_sample100k_seed20260803_mm2splice_v1_calib6_replay_v0.3.3_validator_v0.3.1_pipefailfix/motif_job_preparation_qc.tsv	PASS		2026-08-07T02:43:00+00:00	Auto-ingested from QC/metric TSV.
ENCSR859DYW_sample100k_seed20260803_mm2splice_v1_calib6_replay_v0.3.3_validator_v0.3.1_pipefailfix	11_periodic_baseline		208ad640e4c7f700	PASS	/mnt/intelssd/rnatr_project/qc/11_periodic_baseline/ENCSR859DYW_sample100k_seed20260803_mm2splice_v1_calib6_replay_v0.3.3_validator_v0.3.1_pipefailfix/high_confidence_simple_periodic_qc.tsv	PASS		2026-08-07T02:47:58+00:00	Auto-ingested from QC/metric TSV.
ENCSR859DYW_sample100k_seed20260803_mm2splice_v1_calib6_replay_v0.3.3_validator_v0.3.1_pipefailfix	11_periodic_baseline_audit		a32f2a7cc8c0b20a	PASS	/mnt/intelssd/rnatr_project/qc/11_periodic_baseline_audit/ENCSR859DYW_sample100k_seed20260803_mm2splice_v1_calib6_replay_v0.3.3_validator_v0.3.1_pipefailfix/periodic_baseline_target_concordance_qc.tsv	PASS		2026-08-07T02:48:03+00:00	Auto-ingested from QC/metric TSV.
ENCSR859DYW_sample100k_seed20260803_mm2splice_v1_calib6_replay_v0.3.3_validator_v0.3.1_pipefailfix	11_periodic_calibrated		3a46edcfdbada9cf	PASS	/mnt/intelssd/rnatr_project/qc/11_periodic_calibrated/ENCSR859DYW_sample100k_seed20260803_mm2splice_v1_calib6_replay_v0.3.3_validator_v0.3.1_pipefailfix/v0.3.3/simple_periodic_evidence.calibrated.v0.3.3.qc.tsv	PASS		2026-08-07T02:51:35+00:00	Auto-ingested from QC/metric TSV.
ENCSR859DYW_sample100k_seed20260803_mm2splice_v1_calib6_replay_v0.3.3_validator_v0.3.1_pipefailfix	11_periodic_finalization		0b63fcc630d28cdc	PASS	/mnt/intelssd/rnatr_project/qc/11_periodic_finalization/ENCSR859DYW_sample100k_seed20260803_mm2splice_v1_calib6_replay_v0.3.3_validator_v0.3.1_pipefailfix/simple_periodic_evidence_finalization_qc.tsv	PASS		2026-08-07T02:51:12+00:00	Auto-ingested from QC/metric TSV.
ENCSR859DYW_sample100k_seed20260803_mm2splice_v1_calib6_replay_v0.3.3_validator_v0.3.1_pipefailfix	11_periodic_refinement		5b9582cc494ec8c5	PASS	/mnt/intelssd/rnatr_project/qc/11_periodic_refinement/ENCSR859DYW_sample100k_seed20260803_mm2splice_v1_calib6_replay_v0.3.3_validator_v0.3.1_pipefailfix/target_constrained_periodic_qc.tsv	PASS		2026-08-07T02:51:10+00:00	Auto-ingested from QC/metric TSV.
ENCSR859DYW_sample100k_seed20260803_mm2splice_v1_calib6_replay_v0.3.3_validator_v0.3.1_pipefailfix	11_projection		40efc5e3e4e0dc92	PASS	/mnt/intelssd/rnatr_project/qc/11_projection/ENCSR859DYW_sample100k_seed20260803_mm2splice_v1_calib6_replay_v0.3.3_validator_v0.3.1_pipefailfix/v0.3.3/raw_projection_qc.v0.3.3.tsv	PASS		2026-08-07T02:42:41+00:00	Auto-ingested from QC/metric TSV.
ENCSR859DYW_sample100k_seed20260803_mm2splice_v1_calib6_replay_v0.3.3_validator_v0.3.1_pipefailfix	11_span_calibration		72466e3a2ed2a24e	PASS	/mnt/intelssd/rnatr_project/qc/11_span_calibration/ENCSR859DYW_sample100k_seed20260803_mm2splice_v1_calib6_replay_v0.3.3_validator_v0.3.1_pipefailfix/exact_span_global_periodicity_qc.tsv	PASS		2026-08-07T02:51:29+00:00	Auto-ingested from QC/metric TSV.
ENCSR887OJA_sample100k_seed20260803_mm2splice_v1_calib6_replay_v0.3.3_validator_v0.3.1_pipefailfix	11_assignment		07fa1a5f70b45283	PASS	/mnt/intelssd/rnatr_project/qc/11_assignment/ENCSR887OJA_sample100k_seed20260803_mm2splice_v1_calib6_replay_v0.3.3_validator_v0.3.1_pipefailfix/target_assignment_qc.tsv	PASS		2026-08-07T02:52:08+00:00	Auto-ingested from QC/metric TSV.
ENCSR887OJA_sample100k_seed20260803_mm2splice_v1_calib6_replay_v0.3.3_validator_v0.3.1_pipefailfix	11_motif_jobs		1992c96e3f32fd6e	PASS	/mnt/intelssd/rnatr_project/qc/11_motif_jobs/ENCSR887OJA_sample100k_seed20260803_mm2splice_v1_calib6_replay_v0.3.3_validator_v0.3.1_pipefailfix/motif_job_preparation_qc.tsv	PASS		2026-08-07T02:53:45+00:00	Auto-ingested from QC/metric TSV.
ENCSR887OJA_sample100k_seed20260803_mm2splice_v1_calib6_replay_v0.3.3_validator_v0.3.1_pipefailfix	11_periodic_baseline		0216c0950dd57941	PASS	/mnt/intelssd/rnatr_project/qc/11_periodic_baseline/ENCSR887OJA_sample100k_seed20260803_mm2splice_v1_calib6_replay_v0.3.3_validator_v0.3.1_pipefailfix/high_confidence_simple_periodic_qc.tsv	PASS		2026-08-07T02:59:19+00:00	Auto-ingested from QC/metric TSV.
ENCSR887OJA_sample100k_seed20260803_mm2splice_v1_calib6_replay_v0.3.3_validator_v0.3.1_pipefailfix	11_periodic_baseline_audit		91f7e37ce15f4fa0	PASS	/mnt/intelssd/rnatr_project/qc/11_periodic_baseline_audit/ENCSR887OJA_sample100k_seed20260803_mm2splice_v1_calib6_replay_v0.3.3_validator_v0.3.1_pipefailfix/periodic_baseline_target_concordance_qc.tsv	PASS		2026-08-07T02:59:24+00:00	Auto-ingested from QC/metric TSV.
ENCSR887OJA_sample100k_seed20260803_mm2splice_v1_calib6_replay_v0.3.3_validator_v0.3.1_pipefailfix	11_periodic_calibrated		0878cdf1a9efc730	PASS	/mnt/intelssd/rnatr_project/qc/11_periodic_calibrated/ENCSR887OJA_sample100k_seed20260803_mm2splice_v1_calib6_replay_v0.3.3_validator_v0.3.1_pipefailfix/v0.3.3/simple_periodic_evidence.calibrated.v0.3.3.qc.tsv	PASS		2026-08-07T03:03:38+00:00	Auto-ingested from QC/metric TSV.
ENCSR887OJA_sample100k_seed20260803_mm2splice_v1_calib6_replay_v0.3.3_validator_v0.3.1_pipefailfix	11_periodic_finalization		75bc43bcdf70ec77	PASS	/mnt/intelssd/rnatr_project/qc/11_periodic_finalization/ENCSR887OJA_sample100k_seed20260803_mm2splice_v1_calib6_replay_v0.3.3_validator_v0.3.1_pipefailfix/simple_periodic_evidence_finalization_qc.tsv	PASS		2026-08-07T03:03:13+00:00	Auto-ingested from QC/metric TSV.
ENCSR887OJA_sample100k_seed20260803_mm2splice_v1_calib6_replay_v0.3.3_validator_v0.3.1_pipefailfix	11_periodic_refinement		9d245cadfb46b3d1	PASS	/mnt/intelssd/rnatr_project/qc/11_periodic_refinement/ENCSR887OJA_sample100k_seed20260803_mm2splice_v1_calib6_replay_v0.3.3_validator_v0.3.1_pipefailfix/target_constrained_periodic_qc.tsv	PASS		2026-08-07T03:03:10+00:00	Auto-ingested from QC/metric TSV.
ENCSR887OJA_sample100k_seed20260803_mm2splice_v1_calib6_replay_v0.3.3_validator_v0.3.1_pipefailfix	11_projection		7f9f160ad962b142	PASS	/mnt/intelssd/rnatr_project/qc/11_projection/ENCSR887OJA_sample100k_seed20260803_mm2splice_v1_calib6_replay_v0.3.3_validator_v0.3.1_pipefailfix/v0.3.3/raw_projection_qc.v0.3.3.tsv	PASS		2026-08-07T02:53:25+00:00	Auto-ingested from QC/metric TSV.
ENCSR887OJA_sample100k_seed20260803_mm2splice_v1_calib6_replay_v0.3.3_validator_v0.3.1_pipefailfix	11_span_calibration		482e4dc5eba4f543	PASS	/mnt/intelssd/rnatr_project/qc/11_span_calibration/ENCSR887OJA_sample100k_seed20260803_mm2splice_v1_calib6_replay_v0.3.3_validator_v0.3.1_pipefailfix/exact_span_global_periodicity_qc.tsv	PASS		2026-08-07T03:03:32+00:00	Auto-ingested from QC/metric TSV.
