limitation_key	severity	statement	mitigation	evidence_path	effective_at
GENERAL_PATHOGENICITY_UNDEFINED	CRITICAL	Pathogenic/benign thresholds are not established for most TR loci.	Report population-relative RNA observations; reserve disease thresholds for curated known loci.	/mnt/intelssd/rnatr_project/docs/design/RNA-TR-Scout_population_reference_hierarchy_20260805.md	2026-08-06T00:00:00+00:00
PERFORMANCE_11F_11H_DOMINATE_RUNTIME	CRITICAL	Across five complete 100k-read frozen replays, 11f averaged 308.6 s (48.6444% of profiled stage time) and 11h averaged 199.8 s (31.4943%), for a combined 80.1387%.	Profile the exact 11f/11h compute kernels on a small frozen fixture. Preserve frozen v0.4.0 semantics while testing removal of duplicate work, CPU parallelization, compiled kernels, and GPU batching.	/mnt/intelssd/rnatr_project/results/13_performance_discovery/v0.1.0/stage_runtime_summary.tsv	2026-08-07T07:31:00+00:00
BIOLOGICAL_TRUTH_VALIDATION_INCOMPLETE	HIGH	Algorithmic and implementation validation is strong, but truth-bearing biological validation on experimental/same-individual orthogonal repeat measurements remains incomplete.	After 100k production integration and performance gates stabilize, validate on disease-repeat / synthetic-RNA / orthogonal DNA truth datasets before strong biological claims.	/mnt/intelssd/rnatr_project/validation/release_gates_v0.1.0.tsv	2026-08-07T12:45:00+00:00
CORE_FREEZE_GOVERNANCE_ARTIFACTS_NOT_YET_CREATED	HIGH	Core Freeze Packet, golden regression suite, and project-wide documentation canonicalization are required but not yet complete.	Keep G32-G34 and the corresponding SSOT questions open until exact-original reconstruction and formal artifact audits pass.	/mnt/intelssd/rnatr_project/docs/governance/RNA_TR_Scout_Core_Freeze_governance_requirements_v0.1.0.md	2026-08-10T12:30:00+00:00
CORE_V042_NOT_YET_BIOLOGY_OR_INTERPRETATION_READY	HIGH	The core package does not yet contain versioned transcript/isoform, haplotype, explicit observability, or molecule-independence sidecars and does not yet generate sample-locus summaries, purpose-specific ranking lanes, or researcher-facing dossiers.	Complete the formal output audit and implement G20-G23 after Stage 15A scaling architecture stabilizes, while preserving the core 5-table package and read-level distributions.	/mnt/intelssd/rnatr_project/docs/stage15a/RNA_TR_Scout_Biology_ready_interpretation_output_contract_v0.1.0.md	2026-08-08T13:40:00+00:00
GENERIC_ACTIVE_PATH_GOLDEN_SUITE_NOT_YET_CANONICALLY_PACKAGED	HIGH	Positive golden and release-scale evidence is accepted, but the formal fixed-input executable golden suite, negative fixtures and canonical long-term placement are not yet complete.	Complete G33 and G34 before Core Freeze; preserve current Downloads/evidence artifacts until canonical checksummed placement.	/mnt/intelssd/rnatr_project/docs/stage15n/RNA_TR_Scout_Stage15N_generic_active_path_promotion_contract_v0.1.0.md	2026-08-11T15:30:00+00:00
GENERIC_ACTIVE_PATH_NOT_CLEAN_INSTALL_OR_CROSS_HARDWARE	HIGH	The generic Core is promoted for the current internal project, but clean-machine installation, automatic bootstrap/resource selection, cross-hardware/concurrency reproducibility and public release packaging remain open.	Keep G25-G30 and G28 open; do not claim v1/public clean-install readiness until independently validated.	/mnt/intelssd/rnatr_project/qc/15_stage15n_generic_active_path_promotion/v0.1.0/stage15n_generic_active_path_promotion.qc.tsv	2026-08-11T15:30:00+00:00
PROJECTION_WINDOW_IS_NOT_MOLECULE_CENSORING	HIGH	A projection-window edge is an analysis-context limit and must not be interpreted as biological/read censoring.	Use explicit evidence geometry for LEFT/RIGHT/BOTH censoring; report projection-window edge truncation separately as CONTEXT_LIMITED_LOWER_BOUND. Materialize full raw reads for later molecule-level validation when needed.	/mnt/intelssd/rnatr_project/docs/design/RNA_TR_Scout_general_repeat_caller_reference_v0.3.0.md	2026-08-07T05:00:00+00:00
RNA_DNA_METHOD_DIFFERENCE	HIGH	RNA ONT cDNA measurements and DNA HiFi population calls have platform, library, caller, and biological differences.	Use the six fetal-brain RNA datasets for technical-bias characterization and retain DNA comparison as context.	/mnt/intelssd/rnatr_project/docs/design/RNA-TR-Scout_population_reference_hierarchy_20260805.md	2026-08-06T00:00:00+00:00
SIX_SAMPLE_PANEL_ENGINEERING_ONLY	HIGH	The six equalized fetal-brain 100k-read datasets are too small and biologically heterogeneous to define precise locus/motif/length/support-specific RNA technical distributions.	Use them only for engineering robustness and gross-artifact checks. Perform precise RNA background calibration only after the caller is stable/fast and many samples can be processed.	/mnt/intelssd/rnatr_project/results/11_six_sample_frozen_p01_replay/ENCSR307SHM_pilot100k_mm2splice_v1/rnatr_six_sample_frozen_p01_replay_v0.1.5/six_sample_frozen_p01_replay.summary.tsv	2026-08-07T03:30:00+00:00
STAGE15E_CHECKPOINT_BASED_SCOPE_NOT_UPSTREAM_FULL_RERUN	HIGH	Stage15E proves checkpoint-based reconstruction with one fresh target shard and selective caller-to-final resume; it is not an independent upstream BAM partition/11b/11d3/11e full rerun.	Do not generalize the evidence beyond the registered scope; retain G28 and clean-install gates.	/mnt/intelssd/rnatr_project/qc/15_stage15e_determinism_restart/ENCSR307SHM_stage15c_full5312696_seed20260809_mm2splice_v1/v0.1.0/stage15e_combined_determinism_restart.qc.tsv	2026-08-10T12:30:00+00:00
STAGE15E_SAME_MACHINE_NOT_CROSS_HARDWARE	HIGH	Stage15E was executed on the same machine and does not establish scientific reproducibility across supported hardware/concurrency profiles.	Close G28 with explicit cross-profile and cross-machine comparisons.	/mnt/intelssd/rnatr_project/qc/15_stage15e_determinism_restart/ENCSR307SHM_stage15c_full5312696_seed20260809_mm2splice_v1/v0.1.0/stage15e_combined_determinism_restart.qc.tsv	2026-08-10T12:30:00+00:00
G31_BIOLOGICAL_CANDIDATE_ENTRY_DEFERRED	MODERATE	The biological meaning and optimality of the 79.2867% candidate-entry rate and ~4.9 loci/read remain unresolved.	Address in the biology/optimization layer without blocking current technical-freeze planning.	/mnt/intelssd/rnatr_project/qc/15_stage15d_g31_row_expansion_audit/ENCSR307SHM_stage15c_full5312696_seed20260809_mm2splice_v1/v0.1.0/candidate_entry_rate_and_reason_audit.tsv	2026-08-10T00:00:00+00:00
GENERIC_ACTIVE_PATH_MAPPING_IS_SEPARATE_BASELINE	MODERATE	The active Core starts from mapped BAM plus source FASTQ and does not itself execute FASTQ-to-BAM mapping.	Keep the minimap2 splice baseline separately versioned; evaluate any mapping acceleration only in the post-Freeze Performance lane with scientific parity gates.	/mnt/intelssd/rnatr_project/docs/stage15n/RNA_TR_Scout_Stage15N_generic_active_path_promotion_contract_v0.1.0.md	2026-08-11T15:30:00+00:00
LIBRARY_METHOD_METADATA_INCOMPLETE	MODERATE	The target and six fetal-brain comparison datasets lack explicit library-method metadata in ENCODE.	Describe them as closely matched PromethION datasets, not proven identical-protocol controls.	/mnt/intelssd/rnatr_project/docs/design/RNA-TR-Scout_population_reference_hierarchy_20260805.md	2026-08-06T00:00:00+00:00
POPULATION_COVERAGE_GAP	MODERATE	Approximately 20.7% of pilot loci lack current long-read population distribution context.	Retain NOT_COMPARABLE; reconcile Vienna and add validated sources without unsafe overlap matching.	/mnt/intelssd/rnatr_project/docs/design/RNA-TR-Scout_population_reference_hierarchy_20260805.md	2026-08-06T00:00:00+00:00
STAGE15C_FULL_RUNTIME_USES_DOCUMENTED_TOLERANCE	MODERATE	The empirical full BAM-to-final runtime is 60.041256352 minutes and therefore is not strict <=60-minute PASS.	Retain exact wording in SSOT, thesis, release notes, and benchmark tables; continue the 30-minute optimization target.	/mnt/intelssd/rnatr_project/qc/15_stage15c_fullscale_bam_to_final/ENCSR307SHM_stage15c_full5312696_seed20260809_mm2splice_v1/v0.1.6/stage15c_full_empirical_run.qc.tsv	2026-08-10T00:00:00+00:00
STAGE15E_CORRUPTION_FIXTURE_IS_COPIED_MANIFEST_SHA_MISMATCH	MODERATE	The corruption negative fixture altered an expected SHA in a copied manifest, not the source checkpoint bytes.	Interpret as validation of SHA-bound rejection logic, not exhaustive physical-corruption coverage.	/mnt/intelssd/rnatr_project/qc/15_stage15e_determinism_restart/ENCSR307SHM_stage15c_full5312696_seed20260809_mm2splice_v1/v0.1.0/negative_fixture/corrupt_checkpoint_rejection.qc.tsv	2026-08-10T12:30:00+00:00
VIENNA_BOUNDARY_UNRESOLVED	MODERATE	Vienna ONT exact-coordinate coverage is zero under current exact matching because boundary definitions differ.	Perform overlap plus motif reconciliation as a separate audited stage.	/mnt/intelssd/rnatr_project/docs/design/RNA-TR-Scout_population_reference_hierarchy_20260805.md	2026-08-06T00:00:00+00:00
REFERENCE_COMPOUND_SEGMENTATION_HEURISTIC	MEDIUM	Reference v0.2.0 compound/interruption segmentation is a conservative engineering implementation, not yet a production statistical model.	Retain v0.1.0 single-motif semantics unless explicit multi-segment evidence is present; validate with broader simulation and disease-locus fixtures before production use.	/mnt/intelssd/rnatr_project/docs/design/RNA_TR_Scout_general_repeat_caller_reference_v0.2.0.md	2026-08-07T03:50:00+00:00
V04_LONG_EXTENSION_CONFIDENCE	MEDIUM	Reference v0.4.0 intentionally permits locus-anchored tract extension beyond a short projected prior. In the 60-row software regression, 10 calls were >20 bp longer than v0.3; five newly reached projection-window context edges. These differences are not evidence of biological error because the frozen P0/P1 caller is not truth.	Keep v0.4.0 expansion recovery. Treat projection-window edge calls as context-limited lower bounds, retain purity and boundary/context metadata, and validate selected long-extension cases on full raw reads or orthogonal truth in later benchmark work.	/mnt/intelssd/rnatr_project/qc/12_general_repeat_caller_v03_v04_paired_regression_audit/v0.1.0/v03_v04_paired_real_regression.qc.tsv	2026-08-07T07:15:00+00:00
