interpretation_key	fact_statement	interpretation	do_not_interpret_as	confidence	evidence_path	effective_at
coarse_pipeline_yield_target_within_six_sample_panel	The original target pilot has 49,793 final P0/P1 evidence rows and 23,867 exact-span rows; the six equalized comparison datasets span 46,160-53,509 final rows and 22,114-25,886 exact-span rows.	At coarse pipeline-yield level, the target pilot is within the technical-comparison panel range and does not show a gross global assignment or P0/P1 evidence-yield imbalance.	Do not interpret coarse row-count similarity as evidence that individual repeat loci, repeat lengths, motifs, or biology are normal; locus- and motif-level comparison is the next gate.	HIGH	/mnt/intelssd/rnatr_project/results/11_six_sample_frozen_p01_replay/ENCSR307SHM_pilot100k_mm2splice_v1/rnatr_six_sample_frozen_p01_replay_v0.1.5/six_sample_frozen_p01_replay.summary.tsv	2026-08-07T03:03:38+00:00
core_v042_repeat_ready_not_biology_ready	The v0.4.2 core package losslessly preserves read-level repeat calls/events, repeat length state, purity, LPS, compound segments, structured interruptions, discordance operations, geometry, and censoring, but it does not yet materialize transcript/isoform, haplotype, explicit observability, molecule-independence, sample-locus summary, multi-lane ranking, or dossier outputs.	The current output is repeat-ready and suitable as the immutable substrate for biology enrichment, but it is not yet biology-ready or interpretation-ready for large-cohort triage.	Do not call read_id an independent biological molecule without evidence, infer haplotypes or allele meaning without phase evidence, treat sidecar missingness as a negative result, or replace molecule-level distributions with summary-only output.	HIGH	/mnt/intelssd/rnatr_project/docs/stage15a/RNA_TR_Scout_Biology_ready_interpretation_output_contract_v0.1.0.md	2026-08-08T13:40:00+00:00
cpu_parallel_active_gpu_deferred	The productionized 16-process 11f/11h pair preserves all audited legacy outputs exactly and runs in about 75 seconds on the 100k pilot versus a historical mean near 508 seconds.	CPU multiprocessing is the active first-line performance solution. RTX 3090 acceleration remains available but is deferred until general caller v0.4.0 integration reveals the new bottleneck.	Do not delete serial reference implementations or treat GPU deferral as permanent.	HIGH	/mnt/intelssd/rnatr_project/qc/13_parallel_active_promotion/v0.1.0/parallel_active_promotion.qc.tsv	2026-08-07T08:15:00+00:00
failure_code_qc_flags_materialization_are_orthogonal	All 18 CALLED_NOT_RETAINED attempts in the frozen 100k set are caller LOW_CONFIDENCE and have prior_overlap_bp <= 0. Their primary failure_code is GENERAL_CALLER_LOW_CONFIDENCE, while qc_flags retain both CALLER_LOW_CONFIDENCE and PRIOR_OVERLAP_NONPOSITIVE and materialization_status records non-eventization.	LOW_CONFIDENCE alone is not the eventization blocker: 6,307 CALLED attempts are LOW_CONFIDENCE and 6,289 are still eventized. The nonpositive locus-prior overlap is the eventization guard and remains explicitly encoded.	Do not force failure_code to duplicate materialization_status or discard secondary QC conditions.	HIGH	/mnt/intelssd/rnatr_project/qc/14_schema_v042_promotion/ENCSR307SHM_pilot100k_mm2splice_v1/v0.1.2/schema_v042_promotion.qc.tsv	2026-08-08T02:00:00+00:00
g31_candidate_entry_79pct_v0_1_0	4,212,263 of 5,312,696 reads (79.2867%) entered the broad 11b candidate set; 3,020,451 had exact catalog overlap and 1,191,812 were proximity-only within +/-500 bp.	The rate describes sensitivity-oriented candidate entry in a transcriptome-concentrated RNA dataset and is deferred for biology/algorithmic interpretation.	Do not interpret 79.2867% as repeat-positive prevalence, pathogenicity, expansion prevalence, or final candidate prevalence.	HIGH	/mnt/intelssd/rnatr_project/qc/15_stage15d_g31_row_expansion_audit/ENCSR307SHM_stage15c_full5312696_seed20260809_mm2splice_v1/v0.1.0/candidate_entry_rate_and_reason_audit.tsv	2026-08-10T00:00:00+00:00
g31_fullscale_multiplicity_scope_v0_1_0	Candidate/projection/caller/general/read_evidence rows were all 20,656,258; unique read-locus rows were 20,649,827; candidate rate and rows/read were stable across 100k, 500k, and full scale.	There is no evidence of scale-dependent row runaway or unexplained post-11b row birth for the current technical scope.	Do not treat this as complete biological validation of every field-level caller/materializer semantic or as proof that candidate entry is optimally narrow.	HIGH	/mnt/intelssd/rnatr_project/qc/15_stage15d_g31_row_expansion_audit/ENCSR307SHM_stage15c_full5312696_seed20260809_mm2splice_v1/v0.1.0/stage15d_g31_row_expansion_audit.qc.tsv	2026-08-10T00:00:00+00:00
generic_active_path_promotion_scope_v0_1_0	The generic entry/unit/sharded paths pass fixed-input exact parity, validation, restart/no-op, portable manifest smoke and post-publication state recovery on the current machine, and bind unchanged scientific components to Stage15C/15E evidence.	The generic Core may become the internal active production path.	Do not claim clean-install public release, cross-hardware reproducibility, arbitrary crash-instant coverage beyond registered tests, or closure of G24/G25-G34.	HIGH	/mnt/intelssd/rnatr_project/qc/15_stage15n_generic_active_path_promotion/v0.1.0/stage15n_generic_active_path_promotion.qc.tsv	2026-08-11T15:30:00+00:00
gpu_available_not_yet_selected	The workstation exposes a functional NVIDIA GeForce RTX 3090 with 24576 MiB VRAM, compute capability 8.6, driver 595.84, and CUDA toolkit 11.5; nvidia-smi exits successfully.	GPU acceleration is technically feasible on this machine, but suitability for RNA-TR-Scout remains unresolved until 11f/11h dynamic profiling identifies whether their dominant kernels are sufficiently compute-heavy and batchable.	Do not install a GPU software stack or rewrite the caller for CUDA merely because a GPU is present. First quantify Python overhead, I/O, duplicate computation, and the DP/scoring kernel share.	HIGH	/mnt/intelssd/rnatr_project/results/13_performance_discovery/v0.1.1/gpu_probe.txt	2026-08-07T07:31:00+00:00
homopolymer_bias	Homopolymer loci show large bidirectional RNA-versus-DNA dispersion.	Homopolymers require a separate technical class and cannot use the same small-difference thresholds as non-homopolymer repeats.	Do not treat a few-base homopolymer deviation as biological repeat extension or shortening.	HIGH	/mnt/intelssd/rnatr_project/results/11_population_relative_length_bias_stratification/ENCSR307SHM_pilot100k_mm2splice_v1	2026-08-06T00:00:00+00:00
mapping_baseline_scope_v0_1_0	The active Core accepts mapped BAM plus source FASTQ and does not run minimap2; the historical validated minimap2 splice configuration remains separately registered.	Mapping runtime and optimization are separate from the active BAM-to-final Core contract.	Do not infer that source FASTQ is unnecessary or that any accelerated mapper is scientifically interchangeable without recall/assignment/final-output gates.	HIGH	/mnt/intelssd/rnatr_project/docs/stage15n/RNA_TR_Scout_Stage15N_generic_active_path_promotion_contract_v0.1.0.md	2026-08-11T15:30:00+00:00
max_statistic_inflation	For loci with at least 10 RNA reads, the maximum is above the upper tail in 75.8% while median-longer shift is 2.6%.	Maximum repeat length is strongly support-count dependent and primarily represents existence of an extreme molecule, not a locus-wide shift.	Do not interpret max-tail frequency as the fraction of biologically expanded loci.	HIGH	/mnt/intelssd/rnatr_project/results/11_population_relative_length_bias_stratification/ENCSR307SHM_pilot100k_mm2splice_v1	2026-08-06T00:00:00+00:00
native_v041_performance_validated_caller_only	Native deterministic v0.4.1 retains an approximately 18.9-minute linear 5.31M caller-only projection, while the exact empirical Stage15C BAM-to-final runtime is 60.041256352 minutes with mapping excluded and validators/publication included.	The measurement engine meets the caller-only 30-minute target without GPU. The complete BAM-to-final candidate passes the predeclared first-freeze tolerance but does not meet the 30-minute whole-pipeline target; caller-only and whole-pipeline performance must remain separate.	Do not report 18.9 minutes as complete-pipeline runtime or 60.041256352 minutes as strict <=60-minute PASS.	HIGH	/mnt/intelssd/rnatr_project/qc/15_stage15c_fullscale_bam_to_final/ENCSR307SHM_stage15c_full5312696_seed20260809_mm2splice_v1/v0.1.6/stage15c_full_empirical_run.qc.tsv	2026-08-11T00:30:00+00:00
population_coverage	TRExplorer strict motif coverage is 11,028/11,042 and long-read population context is available for approximately 79.3% of pilot loci.	Catalog addressability is nearly complete; population-distribution coverage remains incomplete but is no longer the dominant 3.65% bottleneck.	Do not describe 11,042 as all genomic TR loci or 79.3% as universal genome coverage.	HIGH	/mnt/intelssd/rnatr_project/results/11_bulk_longread_reference_crosswalk_coverage/ENCSR307SHM_pilot100k_mm2splice_v1/latest/summary/population_coverage_accounting.tsv	2026-08-06T00:00:00+00:00
prebiology_interface_smoke_scope_v0_1_0	The portable result manifest resolves a stable read identifier to BAM and a stable target/locus identity to pinned annotation in read-only smoke tests.	The Core exposes a viable biology-layer connection interface before Freeze.	Do not interpret the smoke as implementation or validation of isoform, haplotype, observability, ranking, or disease biology.	HIGH	/mnt/intelssd/rnatr_project/qc/15_stage15n_generic_active_path_promotion/v0.1.0/stage15n_generic_active_path_promotion.qc.tsv	2026-08-11T15:30:00+00:00
prerc_architecture_audit_scope_v0_1_0	The exact-original PRE-RC audit found stale current-state SSOT rows and unclassified lifecycle records; Stage15G remediation changes metadata/governance state only and verifies byte-identical current_pipeline and frozen schema.	PRE-RC consistency can pass after remediation without rerunning or modifying scientific outputs. Active-path promotion, clean-install release readiness, Core Freeze Packet, golden regression, docs canonicalization, and PRE_BIOLOGY audit remain separate open gates.	Do not interpret PRE-RC metadata remediation as active promotion, Core Freeze, biological validation, clean-install readiness, or cross-hardware determinism.	HIGH	/mnt/intelssd/rnatr_project/docs/stage15g/RNA_TR_Scout_PRE_RELEASE_CANDIDATE_Architecture_audit_v0.1.1.md	2026-08-11T00:30:00+00:00
real_p01_regression_driver_audit_stage12c	In the 60-row real P0/P1 software-regression audit, likely drivers were tract-boundary extension 21, small difference 19, motif selection/de-novo 11, window edge/context 5, internal sizing semantics 3, and compound/interruption 1.	The next reference caller should constrain motif/tract selection to remain locus-anchored and should distinguish artificial sequence-window limits from explicit molecule censoring.	Do not interpret these 60 rows as an accuracy estimate, biological distribution, normal range, or population technical floor.	HIGH	/mnt/intelssd/rnatr_project/qc/12_general_repeat_caller_real_regression_audit/v0.2.0/general_repeat_caller_real_regression_audit.qc.tsv	2026-08-07T05:00:00+00:00
real_p01_regression_v0_2_0_is_engineering_fixture	Sixty real P0/P1 exact-span seed rows were materialized back to raw read/window sequence and called by reference v0.2.0.	This provides a real-data engineering regression set for tracking semantic changes while the general caller is developed.	Do not use the 60-row regression comparison as a biological accuracy estimate, technical population distribution, pathogenicity result, or acceptance threshold for repeat length differences.	HIGH	/mnt/intelssd/rnatr_project/benchmarks/general_repeat_caller/v0.2.0/real_p01_regression.qc.tsv	2026-08-07T03:50:00+00:00
rna_dna_median_difference	Across comparable loci, RNA median minus AoU DNA median is centered at 0 bp with typical 10th–90th percentile differences of roughly -1.5 to +2 bp.	Most small RNA-versus-DNA differences are within a technical floor rather than persuasive biological shifts.	Do not promote 1–4 bp differences or single-read maximum exceedances as definitive extension or shortening.	MODERATE	/mnt/intelssd/rnatr_project/results/11_population_relative_length_bias_stratification/ENCSR307SHM_pilot100k_mm2splice_v1	2026-08-06T00:00:00+00:00
stage15a_reference_correctness_scope	Stage15J and Stage15L reproduce the frozen 100k reference exactly through generic unit and generic sharded paths, while Stage15C and Stage15E retain empirical full-scale and scoped release-scale restart evidence.	The accepted positive golden evidence now supports active-path promotion. G33 nevertheless remains open until fixed inputs, executable suite, negative fixtures and canonical placement are frozen.	Do not interpret active-path promotion as completion of the canonical golden regression suite, clean-install release, cross-hardware proof, biology implementation, or Core Freeze.	HIGH	/mnt/intelssd/rnatr_project/qc/15_stage15n_generic_active_path_promotion/v0.1.0/stage15n_generic_active_path_promotion.qc.tsv	2026-08-11T15:30:00+00:00
stage15c_full_runtime_60_041_minutes_v0_1_0	The empirical BAM-to-final timer was 60.041256352 minutes; mapping was excluded while partition, validators, and atomic publication were included.	This satisfies the predeclared documented first-freeze tolerance but not the strict <=60.000-minute threshold.	Do not report this result as strict 60-minute PASS or as meeting the 30-minute target.	HIGH	/mnt/intelssd/rnatr_project/qc/15_stage15c_fullscale_bam_to_final/ENCSR307SHM_stage15c_full5312696_seed20260809_mm2splice_v1/v0.1.6/stage15c_full_empirical_run.qc.tsv	2026-08-10T00:00:00+00:00
stage15e_corruption_fixture_scope_v0_1_0	The negative fixture changed the expected SHA in a copied manifest and the same checkpoint validator rejected the mismatch without modifying source artifacts.	The SHA-binding rejection path is validated.	A physical bit-flip of the source checkpoint artifact or every possible corruption mode.	HIGH	/mnt/intelssd/rnatr_project/qc/15_stage15e_determinism_restart/ENCSR307SHM_stage15c_full5312696_seed20260809_mm2splice_v1/v0.1.0/negative_fixture/corrupt_checkpoint_rejection.qc.tsv	2026-08-10T12:30:00+00:00
stage15e_full_package_parity_v0_1_0	The reconstructed five-table package matched the clean Stage15C package at all required plain/raw and gzip/logical comparison points.	Within the checkpoint-based scope, scientific output is reproducible under a different hash seed and selective target-shard recomputation.	An independent upstream full rerun, arbitrary upstream recovery, or cross-machine reproducibility.	HIGH	/mnt/intelssd/rnatr_project/qc/15_stage15e_determinism_restart/ENCSR307SHM_stage15c_full5312696_seed20260809_mm2splice_v1/v0.1.0/determinism/full_package_table_parity.tsv	2026-08-10T12:30:00+00:00
stage15e_second_resume_idempotence_v0_1_0	The second resume executed zero scientific commands and preserved 20 scientific artifacts by size, mtime, inode, device, and SHA-256.	The completed Stage15E resume state is idempotent and does not silently rewrite the scientific package.	A guarantee for future changed code, references, parameters, or arbitrary upstream checkpoints.	HIGH	/mnt/intelssd/rnatr_project/qc/15_stage15e_determinism_restart/ENCSR307SHM_stage15c_full5312696_seed20260809_mm2splice_v1/v0.1.0/noop/second_resume_noop.qc.tsv	2026-08-10T12:30:00+00:00
stage6am_coarse_yield_sanity_only	The target final P0/P1 evidence count and exact-span count fall within the six-sample replay ranges.	No gross target-specific pipeline-yield failure is apparent at this coarse engineering level.	Do not interpret six-sample similarity as a locus-specific normal range, technical floor, pathogenicity result, or personal DNA genotype.	HIGH	/mnt/intelssd/rnatr_project/results/11_six_sample_frozen_p01_replay/ENCSR307SHM_pilot100k_mm2splice_v1/rnatr_six_sample_frozen_p01_replay_v0.1.5/six_sample_frozen_p01_replay.summary.tsv	2026-08-07T03:30:00+00:00
v04_boundary_tradeoff_stage12f	In the paired 60-row v0.3/v0.4 software regression, 50/60 calls were within 5 bp, 10 were >20 bp longer in v0.4, nine had >25 bp additional extension, five newly reached projection-window context edges, and zero changed motif identity.	The observed v0.4 extension tradeoff does not justify truncating the caller back toward the legacy implementation. Simulation truth demonstrates that larger search windows are required to recover repeats substantially longer than the projected prior, while context-edge calls already have lower-bound semantics.	Do not treat legacy P0/P1 repeat length as ground truth, do not interpret the 60-row set as a biological normal range, and do not infer pathogenicity from the simulated disease-inspired motifs.	HIGH	/mnt/intelssd/rnatr_project/qc/12_general_repeat_caller_v03_v04_paired_regression_audit/v0.1.0/v03_v04_paired_real_regression.qc.tsv	2026-08-07T07:15:00+00:00
