finding_id	severity	domain	status	finding	required_action
C01	BLOCKING_CONFLICT	SSOT current limitations	CONFLICT	11 ACTIVE limitations are stale or superseded by exact Stage15C/Stage15E evidence, including caller/LPS, projected/full-scale runtime, restart/determinism, compatibility-alias, and pre-PRE-RC promotion wording.	Supersede historical rows without deleting them and retain only current scoped limitations.
C02	BLOCKING_CONFLICT	SSOT current decisions	CONFLICT	9 ACTIVE decisions encode completed pauses/checkpoints or superseded next-gate language.	Supersede exact decision IDs; add current schema, ranking, provenance, promotion, and PRE-RC remediation decisions.
C03	BLOCKING_CONFLICT	SSOT current interpretations	CONFLICT	9 ACTIVE interpretations still describe Stage13A/Stage14L2/Stage15A next gates as pending.	Supersede exact interpretation IDs; add current caller/full-pipeline performance and regression-scope interpretations.
C04	BLOCKING_CONFLICT	SSOT algorithm contracts	CONFLICT	The ACTIVE evidence_schema_v042 and architecture-consistency contracts predate passed full-scale/PRE-RC evidence.	Supersede and replace both contracts while keeping PRE_BIOLOGY open.
C05	RELEASE_BLOCKING_REVIEW	Implementation lifecycle	REVIEW	242 DISCOVERED rows plus five rows carrying three extended lifecycle labels violate the frozen lifecycle vocabulary; 32 DISCOVERED rows duplicate explicitly classified paths.	Apply exact-ID/path/SHA classification: duplicate discovery rows to SUPERSEDED, discovery-only to REFERENCE, and normalize extended labels.
R01	EXPECTED_OPEN_GATE	Active production path	OPEN	current_pipeline remains the 11-stage legacy path while the validated Stage15C candidate is PROVISIONAL.	Do not promote in Stage15G; design a generic production entry point and separate promotion gate.
R02	EXPECTED_OPEN_GATE	Release portability	OPEN	G25-G30 remain open; packaging and benchmark runners include developer-local assumptions.	Keep clean-install and portability work separate and explicit.
O01	PLANNED_BLOCKING	Core Freeze governance	OPEN	G32-G34 remain required and incomplete.	Build Core Freeze Packet, golden regression, and canonical docs from exact originals before Core Freeze.
O02	NONBLOCKING_PLANNED	Downloads cleanup	OPEN	Downloads cleanup remains deferred until canonical destinations/checksums are established.	Do not move or delete current evidence during Stage15G.
