metric	value
stage_version	rnatr_stage15t_corrected_installer_preflight_v0.1.3
status	PASS_READY_FOR_PRO_CORRECTED_INSTALLER_BUILD
project_mutation	false
downloads_cleanup	false
owner_review_recorded	true
owner_approved_packet_preserved	true
owner_approved_ctc_preserved	true
owner_approved_release_gates_exact	true
rewritten_preflight_payload_rejected	true
project_prestate_guards	20
project_source_immutability_failures	0
ssot_overlay_simulation	PASS
simulated_current_pipeline_byte_identical	true
patched_ssot_compile	PASS
golden_v015_compile	PASS
human_visual_review_required	false
next_review	PRO_CORRECTED_INSTALLER_AUDIT
